Waste_Weight_kg,Unit_Price_per_kg,Cost_Loss,Day,Month,Meal_Dinner,Meal_Lunch,Food_Category_Rice,Food_Category_Soup,Food_Category_Vegetables,Canteen_Section_B,Canteen_Section_C,Canteen_Section_D,Day_of_Week_Monday,Day_of_Week_Saturday,Day_of_Week_Sunday,Day_of_Week_Thursday,Day_of_Week_Tuesday,Day_of_Week_Wednesday
1.5,3.0,4.5,30,7,True,False,False,False,True,True,False,False,False,False,False,False,False,True
3.69,2.0,7.38,15,6,False,False,True,False,False,True,False,False,False,False,True,False,False,False
1.54,1.5,2.31,29,7,False,False,False,True,False,False,False,False,False,False,False,False,True,False
1.81,1.5,2.71,17,7,False,False,False,True,False,False,False,False,False,False,False,True,False,False
4.69,2.0,9.38,3,7,True,False,True,False,False,False,False,True,False,False,False,True,False,False
0.38,2.0,0.76,5,7,True,False,True,False,False,False,True,False,False,True,False,False,False,False
2.0,8.0,16.0,12,7,False,True,False,False,False,False,False,False,False,True,False,False,False,False
0.85,1.5,1.27,5,7,False,False,False,True,False,True,False,False,False,True,False,False,False,False
4.82,3.0,14.46,17,6,True,False,False,False,True,False,False,False,False,False,False,False,True,False
0.85,3.0,2.55,9,7,False,False,False,False,True,True,False,False,False,False,False,False,False,True
0.24,8.0,1.92,26,7,False,True,False,False,False,False,False,False,False,True,False,False,False,False
3.76,1.5,5.64,15,6,False,True,False,True,False,False,False,False,False,False,True,False,False,False
0.16,1.5,0.24,10,8,True,False,False,True,False,False,True,False,False,False,True,False,False,False
4.35,1.5,6.52,10,8,False,True,False,True,False,False,True,False,False,False,True,False,False,False
1.11,2.0,2.22,17,7,False,True,True,False,False,False,False,False,False,False,False,True,False,False
3.69,2.0,7.38,28,7,False,False,True,False,False,True,False,False,True,False,False,False,False,False
4.54,3.0,13.62,22,6,False,True,False,False,True,False,True,False,False,False,True,False,False,False
0.36,3.0,1.08,24,6,False,True,False,False,True,False,False,False,False,False,False,False,True,False
2.31,1.5,3.46,21,6,False,True,False,True,False,False,False,True,False,True,False,False,False,False
0.75,1.5,1.12,9,8,False,True,False,True,False,False,True,False,False,True,False,False,False,False
1.66,8.0,13.28,25,7,True,False,False,False,False,True,False,False,False,False,False,False,False,False
1.73,2.0,3.46,8,7,False,True,True,False,False,True,False,False,False,False,False,False,True,False
0.77,1.5,1.16,20,6,False,False,False,True,False,True,False,False,False,False,False,False,False,False
3.24,2.0,6.48,9,7,False,True,True,False,False,False,False,False,False,False,False,False,False,True
3.84,1.5,5.76,27,6,False,False,False,True,False,False,False,True,False,False,False,False,False,False
3.72,3.0,11.16,11,7,True,False,False,False,True,False,False,True,False,False,False,False,False,False
4.71,3.0,14.13,11,7,True,False,False,False,True,False,False,False,False,False,False,False,False,False
0.61,8.0,4.88,5,8,False,True,False,False,False,False,False,False,False,False,False,False,True,False
2.67,1.5,4.0,20,6,True,False,False,True,False,True,False,False,False,False,False,False,False,False
3.66,2.0,7.32,26,6,False,True,True,False,False,False,True,False,False,False,False,True,False,False
0.39,3.0,1.17,17,7,False,True,False,False,True,False,False,False,False,False,False,True,False,False
3.88,3.0,11.64,14,7,False,True,False,False,True,True,False,False,True,False,False,False,False,False
1.7,2.0,3.4,15,7,False,True,True,False,False,False,True,False,False,False,False,False,True,False
4.3,8.0,34.4,18,7,True,False,False,False,False,False,False,False,False,False,False,False,False,False
2.9,3.0,8.7,12,7,False,True,False,False,True,True,False,False,False,True,False,False,False,False
3.22,8.0,25.76,26,6,True,False,False,False,False,False,False,True,False,False,False,True,False,False
2.71,3.0,8.13,1,7,False,True,False,False,True,False,False,False,False,False,False,False,True,False
2.7,2.0,5.4,3,7,False,False,True,False,False,False,False,True,False,False,False,True,False,False
4.91,1.5,7.37,25,6,False,True,False,True,False,True,False,False,False,False,False,False,False,True
2.55,2.0,5.1,14,7,False,True,True,False,False,False,True,False,True,False,False,False,False,False
2.6,1.5,3.9,20,6,True,False,False,True,False,False,False,True,False,False,False,False,False,False
0.66,2.0,1.32,16,7,True,False,True,False,False,True,False,False,False,False,False,False,False,True
3.11,2.0,6.22,15,7,False,False,True,False,False,False,False,True,False,False,False,False,True,False
4.58,3.0,13.74,30,7,False,True,False,False,True,False,False,False,False,False,False,False,False,True
2.1,1.5,3.15,22,6,False,False,False,True,False,False,False,True,False,False,True,False,False,False
3.46,2.0,6.92,16,7,False,True,True,False,False,True,False,False,False,False,False,False,False,True
4.84,1.5,7.26,7,7,True,False,False,True,False,False,False,True,True,False,False,False,False,False
4.06,2.0,8.12,30,7,False,False,True,False,False,False,True,False,False,False,False,False,False,True
3.94,3.0,11.82,17,6,False,True,False,False,True,False,False,True,False,False,False,False,True,False
0.77,2.0,1.54,1,7,False,False,True,False,False,True,False,False,False,False,False,False,True,False
2.86,1.5,4.29,8,7,True,False,False,True,False,False,False,True,False,False,False,False,True,False
4.97,8.0,39.76,27,7,False,True,False,False,False,False,True,False,False,False,True,False,False,False
4.99,8.0,39.92,30,7,False,False,False,False,False,False,False,True,False,False,False,False,False,True
1.99,1.5,2.98,1,8,False,False,False,True,False,False,False,True,False,False,False,False,False,False
0.28,3.0,0.84,4,8,False,False,False,False,True,False,False,False,True,False,False,False,False,False
1.56,3.0,4.68,15,7,True,False,False,False,True,True,False,False,False,False,False,False,True,False
0.62,8.0,4.96,8,8,True,False,False,False,False,False,False,False,False,False,False,False,False,False
2.52,3.0,7.56,22,7,True,False,False,False,True,False,True,False,False,False,False,False,True,False
2.93,2.0,5.86,21,7,True,False,True,False,False,False,True,False,True,False,False,False,False,False
2.16,3.0,6.48,19,6,False,True,False,False,True,False,True,False,False,False,False,True,False,False
0.52,2.0,1.04,19,7,True,False,True,False,False,False,True,False,False,True,False,False,False,False
2.0,1.5,3.0,9,8,False,False,False,True,False,False,False,True,False,True,False,False,False,False
3.08,2.0,6.16,20,7,False,False,True,False,False,True,False,False,False,False,True,False,False,False
2.59,1.5,3.88,12,6,False,False,False,True,False,False,False,False,False,False,False,True,False,False
3.97,2.0,7.94,13,7,True,False,True,False,False,True,False,False,False,False,True,False,False,False
1.42,8.0,11.36,31,7,False,True,False,False,False,True,False,False,False,False,False,True,False,False
3.66,2.0,7.32,2,8,True,False,True,False,False,False,False,False,False,True,False,False,False,False
2.48,1.5,3.72,19,6,True,False,False,True,False,True,False,False,False,False,False,True,False,False
2.75,1.5,4.12,29,7,False,True,False,True,False,False,False,True,False,False,False,False,True,False
2.4,3.0,7.2,8,7,True,False,False,False,True,False,True,False,False,False,False,False,True,False
3.08,1.5,4.62,17,6,True,False,False,True,False,False,True,False,False,False,False,False,True,False
1.76,2.0,3.52,22,6,False,True,True,False,False,False,False,False,False,False,True,False,False,False
3.87,8.0,30.96,11,7,False,True,False,False,False,False,True,False,False,False,False,False,False,False
0.86,8.0,6.88,29,6,False,False,False,False,False,True,False,False,False,False,True,False,False,False
4.02,3.0,12.06,6,8,False,True,False,False,True,False,True,False,False,False,False,False,False,True
4.7,2.0,9.4,22,6,True,False,True,False,False,True,False,False,False,False,True,False,False,False
3.62,3.0,10.86,5,8,False,True,False,False,True,False,False,False,False,False,False,False,True,False
2.19,3.0,6.57,18,6,False,True,False,False,True,False,False,False,False,False,False,False,False,True
0.38,8.0,3.04,21,7,False,False,False,False,False,False,False,True,True,False,False,False,False,False
4.05,2.0,8.1,21,7,True,False,True,False,False,True,False,False,True,False,False,False,False,False
4.12,1.5,6.18,12,6,False,True,False,True,False,False,False,False,False,False,False,True,False,False
4.8,8.0,38.4,15,7,False,False,False,False,False,True,False,False,False,False,False,False,True,False
4.3,1.5,6.45,1,8,False,True,False,True,False,False,False,False,False,False,False,False,False,False
0.6,8.0,4.8,16,7,True,False,False,False,False,False,False,True,False,False,False,False,False,True
4.61,1.5,6.92,23,7,False,True,False,True,False,False,False,False,False,False,False,False,False,True
1.17,8.0,9.36,18,7,False,True,False,False,False,False,False,False,False,False,False,False,False,False
2.74,8.0,21.92,6,7,False,True,False,False,False,True,False,False,False,False,True,False,False,False
0.8,1.5,1.2,25,6,False,False,False,True,False,True,False,False,False,False,False,False,False,True
2.96,8.0,23.68,22,6,False,True,False,False,False,False,False,True,False,False,True,False,False,False
2.4,8.0,19.2,25,6,False,True,False,False,False,True,False,False,False,False,False,False,False,True
3.48,1.5,5.22,26,6,True,False,False,True,False,False,False,False,False,False,False,True,False,False
4.35,8.0,34.8,31,7,False,True,False,False,False,False,False,True,False,False,False,True,False,False
4.74,1.5,7.11,13,7,False,False,False,True,False,False,False,False,False,False,True,False,False,False
1.72,2.0,3.44,18,6,True,False,True,False,False,False,False,False,False,False,False,False,False,True
1.96,2.0,3.92,9,7,False,False,True,False,False,False,True,False,False,False,False,False,False,True
1.99,1.5,2.98,12,7,False,False,False,True,False,False,False,True,False,True,False,False,False,False
3.34,2.0,6.68,6,7,False,True,True,False,False,True,False,False,False,False,True,False,False,False
4.26,8.0,34.08,23,7,False,False,False,False,False,False,True,False,False,False,False,False,False,True
3.17,3.0,9.51,30,7,False,False,False,False,True,False,False,True,False,False,False,False,False,True
2.56,8.0,20.48,20,7,True,False,False,False,False,False,True,False,False,False,True,False,False,False
0.4,1.5,0.6,25,7,False,True,False,True,False,False,False,False,False,False,False,False,False,False
3.6,8.0,28.8,22,6,False,False,False,False,False,True,False,False,False,False,True,False,False,False
3.9,1.5,5.85,17,7,False,False,False,True,False,True,False,False,False,False,False,True,False,False
2.45,2.0,4.9,17,6,True,False,True,False,False,True,False,False,False,False,False,False,True,False
4.01,3.0,12.03,10,8,True,False,False,False,True,False,False,False,False,False,True,False,False,False
1.36,2.0,2.72,28,7,False,False,True,False,False,False,False,False,True,False,False,False,False,False
2.68,3.0,8.04,28,6,False,True,False,False,True,False,False,False,False,True,False,False,False,False
3.59,3.0,10.77,9,8,True,False,False,False,True,False,False,False,False,True,False,False,False,False
2.8,8.0,22.4,13,7,False,True,False,False,False,True,False,False,False,False,True,False,False,False
4.86,1.5,7.29,15,6,False,False,False,True,False,False,True,False,False,False,True,False,False,False
4.15,2.0,8.3,31,7,False,True,True,False,False,True,False,False,False,False,False,True,False,False
3.74,2.0,7.48,16,6,False,True,True,False,False,False,False,False,True,False,False,False,False,False
2.87,3.0,8.61,21,6,False,True,False,False,True,False,False,False,False,True,False,False,False,False
4.19,2.0,8.38,23,6,True,False,True,False,False,True,False,False,True,False,False,False,False,False
3.38,3.0,10.14,7,8,False,False,False,False,True,False,True,False,False,False,False,True,False,False
3.76,2.0,7.52,13,6,False,True,True,False,False,False,False,True,False,False,False,False,False,False
3.04,1.5,4.56,2,8,False,True,False,True,False,False,False,False,False,True,False,False,False,False
0.95,2.0,1.9,25,7,False,False,True,False,False,False,True,False,False,False,False,False,False,False
0.46,2.0,0.92,10,7,True,False,True,False,False,False,False,True,False,False,False,True,False,False
3.28,3.0,9.84,24,6,False,True,False,False,True,False,True,False,False,False,False,False,True,False
0.32,8.0,2.56,25,6,True,False,False,False,False,False,False,False,False,False,False,False,False,True
3.54,2.0,7.08,9,8,True,False,True,False,False,False,False,False,False,True,False,False,False,False
1.94,1.5,2.91,28,7,False,True,False,True,False,True,False,False,True,False,False,False,False,False
0.66,2.0,1.32,20,6,False,True,True,False,False,False,False,True,False,False,False,False,False,False
0.22,3.0,0.66,14,7,False,True,False,False,True,False,True,False,True,False,False,False,False,False
1.42,3.0,4.26,1,8,False,True,False,False,True,True,False,False,False,False,False,False,False,False
1.67,8.0,13.36,27,6,True,False,False,False,False,False,True,False,False,False,False,False,False,False
1.75,2.0,3.5,1,7,False,True,True,False,False,False,False,False,False,False,False,False,True,False
0.85,1.5,1.27,5,8,False,False,False,True,False,True,False,False,False,False,False,False,True,False
2.79,2.0,5.58,11,6,True,False,True,False,False,False,False,False,False,False,False,False,False,True
1.82,1.5,2.73,17,7,False,True,False,True,False,False,False,False,False,False,False,True,False,False
3.83,3.0,11.49,16,7,False,True,False,False,True,False,True,False,False,False,False,False,False,True
4.46,3.0,13.38,28,7,True,False,False,False,True,False,False,False,True,False,False,False,False,False
1.1,3.0,3.3,8,7,False,True,False,False,True,False,False,True,False,False,False,False,True,False
2.58,1.5,3.87,20,7,True,False,False,True,False,True,False,False,False,False,True,False,False,False
4.05,8.0,32.4,10,7,False,False,False,False,False,True,False,False,False,False,False,True,False,False
1.89,3.0,5.67,30,6,False,True,False,False,True,False,False,True,True,False,False,False,False,False
3.46,2.0,6.92,9,7,False,False,True,False,False,False,False,True,False,False,False,False,False,True
1.52,8.0,12.16,2,7,False,True,False,False,False,False,False,True,False,False,False,False,False,True
3.03,2.0,6.06,7,7,False,True,True,False,False,False,False,False,True,False,False,False,False,False
4.89,8.0,39.12,12,7,False,True,False,False,False,True,False,False,False,True,False,False,False,False
4.59,3.0,13.77,26,7,True,False,False,False,True,False,True,False,False,True,False,False,False,False
3.64,1.5,5.46,5,7,True,False,False,True,False,False,True,False,False,True,False,False,False,False
1.18,3.0,3.54,7,7,False,True,False,False,True,True,False,False,True,False,False,False,False,False
0.52,3.0,1.56,14,7,False,False,False,False,True,False,False,False,True,False,False,False,False,False
4.84,1.5,7.26,1,8,True,False,False,True,False,False,False,False,False,False,False,False,False,False
0.49,8.0,3.92,13,6,True,False,False,False,False,False,False,True,False,False,False,False,False,False
4.35,3.0,13.05,17,7,True,False,False,False,True,False,False,False,False,False,False,True,False,False
2.17,2.0,4.34,19,7,False,True,True,False,False,False,False,False,False,True,False,False,False,False
1.72,1.5,2.58,24,7,True,False,False,True,False,False,False,True,False,False,False,True,False,False
4.4,1.5,6.6,3,7,True,False,False,True,False,False,False,True,False,False,False,True,False,False
2.66,2.0,5.32,7,8,False,False,True,False,False,False,False,True,False,False,False,True,False,False
4.66,1.5,6.99,22,7,False,False,False,True,False,False,True,False,False,False,False,False,True,False
2.27,1.5,3.41,31,7,False,True,False,True,False,False,False,False,False,False,False,True,False,False
0.37,1.5,0.55,8,8,False,False,False,True,False,False,True,False,False,False,False,False,False,False
0.66,1.5,0.99,8,8,False,True,False,True,False,False,False,False,False,False,False,False,False,False
4.29,1.5,6.44,3,8,False,True,False,True,False,True,False,False,False,False,True,False,False,False
4.52,2.0,9.04,29,7,True,False,True,False,False,False,False,True,False,False,False,False,True,False
2.55,1.5,3.82,13,7,False,True,False,True,False,False,False,True,False,False,True,False,False,False
0.39,1.5,0.58,23,7,False,False,False,True,False,False,False,True,False,False,False,False,False,True
2.68,8.0,21.44,17,6,False,True,False,False,False,True,False,False,False,False,False,False,True,False
3.57,8.0,28.56,27,7,True,False,False,False,False,False,True,False,False,False,True,False,False,False
0.12,8.0,0.96,3,8,True,False,False,False,False,True,False,False,False,False,True,False,False,False
4.6,1.5,6.9,4,8,False,True,False,True,False,False,False,True,True,False,False,False,False,False
2.12,1.5,3.18,7,8,True,False,False,True,False,False,False,True,False,False,False,True,False,False
3.75,1.5,5.62,14,6,False,True,False,True,False,False,False,True,False,True,False,False,False,False
0.81,2.0,1.62,17,6,False,False,True,False,False,False,True,False,False,False,False,False,True,False
1.31,2.0,2.62,6,7,True,False,True,False,False,True,False,False,False,False,True,False,False,False
3.15,1.5,4.72,30,7,False,True,False,True,False,False,True,False,False,False,False,False,False,True
1.6,1.5,2.4,15,7,True,False,False,True,False,False,True,False,False,False,False,False,True,False
0.73,2.0,1.46,24,7,True,False,True,False,False,False,False,True,False,False,False,True,False,False
2.26,3.0,6.78,15,6,False,False,False,False,True,False,False,False,False,False,True,False,False,False
3.42,3.0,10.26,19,6,True,False,False,False,True,False,False,True,False,False,False,True,False,False
2.34,8.0,18.72,17,6,True,False,False,False,False,False,False,False,False,False,False,False,True,False
2.53,3.0,7.59,14,6,True,False,False,False,True,False,False,False,False,True,False,False,False,False
4.86,3.0,14.58,28,6,False,True,False,False,True,True,False,False,False,True,False,False,False,False
3.35,8.0,26.8,18,7,False,False,False,False,False,False,False,True,False,False,False,False,False,False
2.99,8.0,23.92,29,7,True,False,False,False,False,False,False,False,False,False,False,False,True,False
4.3,2.0,8.6,22,7,False,False,True,False,False,False,False,True,False,False,False,False,True,False
4.89,1.5,7.33,6,7,False,False,False,True,False,False,True,False,False,False,True,False,False,False
0.35,8.0,2.8,7,8,True,False,False,False,False,False,False,False,False,False,False,True,False,False
2.85,1.5,4.28,10,8,False,True,False,True,False,False,False,True,False,False,True,False,False,False
3.82,3.0,11.46,11,6,False,True,False,False,True,False,False,True,False,False,False,False,False,True
2.48,8.0,19.84,23,6,False,False,False,False,False,True,False,False,True,False,False,False,False,False
1.29,3.0,3.87,8,7,False,False,False,False,True,False,False,False,False,False,False,False,True,False
3.89,2.0,7.78,11,7,False,True,True,False,False,False,False,True,False,False,False,False,False,False
1.95,3.0,5.85,23,6,False,True,False,False,True,False,False,False,True,False,False,False,False,False
1.26,2.0,2.52,17,7,False,False,True,False,False,False,True,False,False,False,False,True,False,False
0.47,8.0,3.76,23,7,True,False,False,False,False,False,True,False,False,False,False,False,False,True
4.38,1.5,6.57,22,6,False,True,False,True,False,False,True,False,False,False,True,False,False,False
0.32,1.5,0.48,14,7,False,False,False,True,False,True,False,False,True,False,False,False,False,False
0.77,8.0,6.16,13,7,False,False,False,False,False,False,False,False,False,False,True,False,False,False
5.0,3.0,15.0,8,7,False,True,False,False,True,False,True,False,False,False,False,False,True,False
4.69,1.5,7.04,3,7,True,False,False,True,False,False,False,False,False,False,False,True,False,False
1.08,3.0,3.24,14,6,False,True,False,False,True,False,False,False,False,True,False,False,False,False
4.06,1.5,6.09,19,6,False,False,False,True,False,False,False,False,False,False,False,True,False,False
0.14,2.0,0.28,20,6,False,False,True,False,False,True,False,False,False,False,False,False,False,False
0.75,8.0,6.0,19,7,False,False,False,False,False,False,True,False,False,True,False,False,False,False
3.47,3.0,10.41,18,7,True,False,False,False,True,True,False,False,False,False,False,False,False,False
3.81,2.0,7.62,4,7,False,True,True,False,False,True,False,False,False,False,False,False,False,False
4.4,2.0,8.8,3,7,False,True,True,False,False,False,True,False,False,False,False,True,False,False
4.88,2.0,9.76,23,7,False,True,True,False,False,False,True,False,False,False,False,False,False,True
4.11,3.0,12.33,31,7,False,False,False,False,True,False,True,False,False,False,False,True,False,False
0.83,8.0,6.64,12,6,False,True,False,False,False,False,True,False,False,False,False,True,False,False
0.68,3.0,2.04,4,7,True,False,False,False,True,False,True,False,False,False,False,False,False,False
4.85,1.5,7.27,13,7,False,False,False,True,False,True,False,False,False,False,True,False,False,False
1.94,3.0,5.82,7,7,True,False,False,False,True,True,False,False,True,False,False,False,False,False
3.97,1.5,5.96,12,6,False,False,False,True,False,False,False,True,False,False,False,True,False,False
2.76,3.0,8.28,4,7,False,False,False,False,True,True,False,False,False,False,False,False,False,False
1.31,2.0,2.62,2,7,False,True,True,False,False,False,True,False,False,False,False,False,False,True
1.33,3.0,3.99,17,6,False,False,False,False,True,False,True,False,False,False,False,False,True,False
4.57,8.0,36.56,11,6,True,False,False,False,False,False,False,True,False,False,False,False,False,True
4.44,1.5,6.66,29,7,False,True,False,True,False,False,False,False,False,False,False,False,True,False
2.5,3.0,7.5,3,8,True,False,False,False,True,False,True,False,False,False,True,False,False,False
1.56,2.0,3.12,2,7,False,True,True,False,False,False,False,True,False,False,False,False,False,True
2.69,8.0,21.52,27,6,False,True,False,False,False,False,False,False,False,False,False,False,False,False
4.26,2.0,8.52,14,7,True,False,True,False,False,False,False,True,True,False,False,False,False,False
1.02,2.0,2.04,12,6,True,False,True,False,False,False,False,False,False,False,False,True,False,False
2.03,8.0,16.24,8,8,True,False,False,False,False,True,False,False,False,False,False,False,False,False
0.96,8.0,7.68,27,7,False,True,False,False,False,False,False,False,False,False,True,False,False,False
2.53,8.0,20.24,12,6,True,False,False,False,False,False,False,True,False,False,False,True,False,False
4.92,3.0,14.76,30,7,False,False,False,False,True,True,False,False,False,False,False,False,False,True
3.53,3.0,10.59,26,7,False,True,False,False,True,False,False,False,False,True,False,False,False,False
0.6,3.0,1.8,27,7,False,False,False,False,True,False,False,False,False,False,True,False,False,False
1.58,3.0,4.74,21,6,False,True,False,False,True,False,True,False,False,True,False,False,False,False
1.77,1.5,2.66,19,6,False,True,False,True,False,False,True,False,False,False,False,True,False,False
1.35,1.5,2.03,21,7,True,False,False,True,False,False,False,True,True,False,False,False,False,False
1.81,8.0,14.48,1,8,False,False,False,False,False,False,True,False,False,False,False,False,False,False
3.58,2.0,7.16,17,7,False,False,True,False,False,False,False,True,False,False,False,True,False,False
1.38,1.5,2.07,20,7,True,False,False,True,False,False,False,False,False,False,True,False,False,False
1.53,3.0,4.59,13,7,False,True,False,False,True,False,True,False,False,False,True,False,False,False
1.74,8.0,13.92,12,7,True,False,False,False,False,False,False,True,False,True,False,False,False,False
3.64,3.0,10.92,13,6,False,False,False,False,True,True,False,False,False,False,False,False,False,False
3.24,8.0,25.92,15,7,False,False,False,False,False,False,True,False,False,False,False,False,True,False
1.78,2.0,3.56,22,6,False,False,True,False,False,True,False,False,False,False,True,False,False,False
2.09,3.0,6.27,3,7,False,True,False,False,True,True,False,False,False,False,False,True,False,False
2.59,1.5,3.88,28,6,False,False,False,True,False,False,False,False,False,True,False,False,False,False
2.38,1.5,3.57,23,7,True,False,False,True,False,False,False,True,False,False,False,False,False,True
1.26,2.0,2.52,24,6,False,True,True,False,False,True,False,False,False,False,False,False,True,False
1.32,1.5,1.98,4,7,False,True,False,True,False,False,False,True,False,False,False,False,False,False
2.32,1.5,3.48,16,6,False,False,False,True,False,False,True,False,True,False,False,False,False,False
0.41,1.5,0.61,15,6,True,False,False,True,False,False,False,True,False,False,True,False,False,False
3.54,1.5,5.31,20,7,True,False,False,True,False,False,True,False,False,False,True,False,False,False
0.68,1.5,1.02,5,8,False,True,False,True,False,False,False,False,False,False,False,False,True,False
3.38,3.0,10.14,5,8,True,False,False,False,True,True,False,False,False,False,False,False,True,False
1.2,3.0,3.6,2,7,False,True,False,False,True,False,True,False,False,False,False,False,False,True
1.06,2.0,2.12,22,7,True,False,True,False,False,False,False,True,False,False,False,False,True,False
4.96,2.0,9.92,11,6,True,False,True,False,False,False,False,True,False,False,False,False,False,True
4.05,2.0,8.1,7,7,True,False,True,False,False,False,False,True,True,False,False,False,False,False
0.53,2.0,1.06,27,7,True,False,True,False,False,False,True,False,False,False,True,False,False,False
4.03,3.0,12.09,2,8,False,True,False,False,True,False,False,False,False,True,False,False,False,False
1.22,1.5,1.83,22,7,False,False,False,True,False,False,False,False,False,False,False,False,True,False
4.83,2.0,9.66,14,7,False,False,True,False,False,False,False,True,True,False,False,False,False,False
4.38,8.0,35.04,8,7,False,False,False,False,False,False,False,True,False,False,False,False,True,False
0.26,1.5,0.39,6,7,False,False,False,True,False,True,False,False,False,False,True,False,False,False
4.22,2.0,8.44,1,7,True,False,True,False,False,False,True,False,False,False,False,False,True,False
3.34,8.0,26.72,7,7,False,True,False,False,False,True,False,False,True,False,False,False,False,False
0.79,3.0,2.37,8,8,False,True,False,False,True,False,False,True,False,False,False,False,False,False
0.5,2.0,1.0,20,7,True,False,True,False,False,False,False,True,False,False,True,False,False,False
0.23,8.0,1.84,19,6,False,False,False,False,False,False,True,False,False,False,False,True,False,False
4.8,2.0,9.6,9,8,True,False,True,False,False,False,False,True,False,True,False,False,False,False
0.12,8.0,0.96,6,7,False,True,False,False,False,False,False,True,False,False,True,False,False,False
3.25,2.0,6.5,1,8,True,False,True,False,False,True,False,False,False,False,False,False,False,False
2.97,3.0,8.91,18,6,False,True,False,False,True,False,False,True,False,False,False,False,False,True
3.98,8.0,31.84,21,6,True,False,False,False,False,False,True,False,False,True,False,False,False,False
1.5,8.0,12.0,23,6,False,True,False,False,False,False,False,True,True,False,False,False,False,False
4.19,1.5,6.29,21,7,False,False,False,True,False,True,False,False,True,False,False,False,False,False
1.81,1.5,2.71,1,8,True,False,False,True,False,True,False,False,False,False,False,False,False,False
0.66,3.0,1.98,20,6,True,False,False,False,True,False,False,True,False,False,False,False,False,False
0.2,8.0,1.6,31,7,False,False,False,False,False,False,True,False,False,False,False,True,False,False
4.63,8.0,37.04,26,6,False,True,False,False,False,True,False,False,False,False,False,True,False,False
1.54,3.0,4.62,3,8,False,False,False,False,True,False,True,False,False,False,True,False,False,False
3.22,8.0,25.76,28,6,False,False,False,False,False,False,False,False,False,True,False,False,False,False
4.1,2.0,8.2,17,7,False,False,True,False,False,True,False,False,False,False,False,True,False,False
2.45,1.5,3.68,8,7,False,True,False,True,False,False,True,False,False,False,False,False,True,False
2.16,3.0,6.48,24,6,True,False,False,False,True,False,False,True,False,False,False,False,True,False
2.93,1.5,4.4,17,7,True,False,False,True,False,False,True,False,False,False,False,True,False,False
1.66,1.5,2.49,7,7,False,False,False,True,False,False,False,True,True,False,False,False,False,False
4.1,3.0,12.3,13,7,False,False,False,False,True,False,False,True,False,False,True,False,False,False
4.95,3.0,14.85,10,7,False,True,False,False,True,False,False,False,False,False,False,True,False,False
3.9,1.5,5.85,2,7,False,False,False,True,False,False,False,False,False,False,False,False,False,True
0.47,2.0,0.94,26,6,True,False,True,False,False,False,False,True,False,False,False,True,False,False
2.5,2.0,5.0,16,7,False,False,True,False,False,False,True,False,False,False,False,False,False,True
1.45,2.0,2.9,10,7,False,False,True,False,False,False,False,False,False,False,False,True,False,False
4.36,3.0,13.08,19,6,False,True,False,False,True,False,False,False,False,False,False,True,False,False
2.08,2.0,4.16,4,8,True,False,True,False,False,False,False,False,True,False,False,False,False,False
3.88,3.0,11.64,21,7,True,False,False,False,True,False,False,False,True,False,False,False,False,False
2.98,3.0,8.94,12,6,False,True,False,False,True,True,False,False,False,False,False,True,False,False
2.99,1.5,4.49,19,7,True,False,False,True,False,False,True,False,False,True,False,False,False,False
3.98,1.5,5.97,24,6,False,True,False,True,False,False,True,False,False,False,False,False,True,False
4.67,8.0,37.36,3,7,False,False,False,False,False,True,False,False,False,False,False,True,False,False
2.8,2.0,5.6,12,6,False,False,True,False,False,False,True,False,False,False,False,True,False,False
0.93,1.5,1.4,12,7,False,True,False,True,False,True,False,False,False,True,False,False,False,False
3.98,1.5,5.97,22,6,True,False,False,True,False,True,False,False,False,False,True,False,False,False
0.45,3.0,1.35,20,6,False,True,False,False,True,False,False,False,False,False,False,False,False,False
3.66,2.0,7.32,30,6,False,True,True,False,False,False,False,True,True,False,False,False,False,False
4.5,2.0,9.0,31,7,False,False,True,False,False,False,True,False,False,False,False,True,False,False
1.96,1.5,2.94,6,8,True,False,False,True,False,True,False,False,False,False,False,False,False,True
0.66,8.0,5.28,27,6,False,True,False,False,False,True,False,False,False,False,False,False,False,False
2.43,1.5,3.65,21,6,True,False,False,True,False,False,False,True,False,True,False,False,False,False
2.34,8.0,18.72,3,8,False,True,False,False,False,False,False,True,False,False,True,False,False,False
1.44,2.0,2.88,2,7,True,False,True,False,False,True,False,False,False,False,False,False,False,True
0.74,1.5,1.11,29,6,True,False,False,True,False,True,False,False,False,False,True,False,False,False
1.15,8.0,9.2,25,7,False,False,False,False,False,False,True,False,False,False,False,False,False,False
0.56,3.0,1.68,23,7,False,True,False,False,True,False,False,False,False,False,False,False,False,True
3.41,3.0,10.23,23,6,False,True,False,False,True,False,True,False,True,False,False,False,False,False
1.26,8.0,10.08,21,6,False,False,False,False,False,True,False,False,False,True,False,False,False,False
0.3,8.0,2.4,16,7,True,False,False,False,False,False,True,False,False,False,False,False,False,True
1.04,1.5,1.56,26,6,False,False,False,True,False,True,False,False,False,False,False,True,False,False
2.82,1.5,4.23,25,6,False,True,False,True,False,False,False,False,False,False,False,False,False,True
0.92,3.0,2.76,25,7,False,False,False,False,True,False,False,False,False,False,False,False,False,False
2.24,1.5,3.36,6,8,False,False,False,True,False,False,False,True,False,False,False,False,False,True
4.35,1.5,6.52,3,8,False,True,False,True,False,False,False,False,False,False,True,False,False,False
0.44,2.0,0.88,13,6,False,True,True,False,False,False,True,False,False,False,False,False,False,False
0.76,3.0,2.28,9,8,False,False,False,False,True,False,False,False,False,True,False,False,False,False
2.73,8.0,21.84,16,7,False,True,False,False,False,False,False,True,False,False,False,False,False,True
4.06,3.0,12.18,23,6,False,True,False,False,True,True,False,False,True,False,False,False,False,False
4.25,8.0,34.0,10,7,False,True,False,False,False,True,False,False,False,False,False,True,False,False
0.56,1.5,0.84,28,7,False,True,False,True,False,False,True,False,True,False,False,False,False,False
1.62,1.5,2.43,28,6,False,False,False,True,False,False,False,True,False,True,False,False,False,False
1.25,8.0,10.0,15,6,True,False,False,False,False,False,True,False,False,False,True,False,False,False
3.78,1.5,5.67,16,7,True,False,False,True,False,False,False,True,False,False,False,False,False,True
1.38,3.0,4.14,27,6,False,True,False,False,True,False,True,False,False,False,False,False,False,False
4.27,1.5,6.4,13,6,False,False,False,True,False,False,False,True,False,False,False,False,False,False
2.54,2.0,5.08,7,8,True,False,True,False,False,False,False,True,False,False,False,True,False,False
3.65,3.0,10.95,15,6,False,True,False,False,True,False,True,False,False,False,True,False,False,False
3.44,1.5,5.16,27,6,True,False,False,True,False,True,False,False,False,False,False,False,False,False
4.13,1.5,6.2,6,7,True,False,False,True,False,False,False,False,False,False,True,False,False,False
2.83,2.0,5.66,8,8,False,False,True,False,False,False,False,False,False,False,False,False,False,False
0.58,1.5,0.87,31,7,False,False,False,True,False,False,False,True,False,False,False,True,False,False
3.32,2.0,6.64,14,7,False,False,True,False,False,True,False,False,True,False,False,False,False,False
0.18,2.0,0.36,25,6,False,False,True,False,False,True,False,False,False,False,False,False,False,True
3.89,8.0,31.12,19,7,False,True,False,False,False,False,True,False,False,True,False,False,False,False
4.94,1.5,7.41,26,7,False,True,False,True,False,True,False,False,False,True,False,False,False,False
2.81,1.5,4.21,10,7,False,True,False,True,False,False,True,False,False,False,False,True,False,False
2.04,2.0,4.08,5,7,True,False,True,False,False,False,False,True,False,True,False,False,False,False
2.59,8.0,20.72,1,7,False,False,False,False,False,False,False,False,False,False,False,False,True,False
1.86,3.0,5.58,18,7,False,False,False,False,True,False,False,True,False,False,False,False,False,False
1.69,3.0,5.07,17,7,False,True,False,False,True,True,False,False,False,False,False,True,False,False
1.26,2.0,2.52,10,8,True,False,True,False,False,False,False,False,False,False,True,False,False,False
0.31,2.0,0.62,25,7,False,False,True,False,False,False,False,False,False,False,False,False,False,False
0.32,8.0,2.56,22,7,False,False,False,False,False,True,False,False,False,False,False,False,True,False
0.6,1.5,0.9,5,8,True,False,False,True,False,False,True,False,False,False,False,False,True,False
4.3,1.5,6.45,10,7,True,False,False,True,False,False,False,False,False,False,False,True,False,False
2.72,8.0,21.76,3,7,True,False,False,False,False,False,False,False,False,False,False,True,False,False
3.16,8.0,25.28,11,6,False,True,False,False,False,False,False,True,False,False,False,False,False,True
0.42,8.0,3.36,21,7,False,False,False,False,False,False,True,False,True,False,False,False,False,False
2.58,1.5,3.87,30,6,False,False,False,True,False,False,False,True,True,False,False,False,False,False
2.88,8.0,23.04,21,7,True,False,False,False,False,False,False,True,True,False,False,False,False,False
0.58,2.0,1.16,8,7,True,False,True,False,False,False,True,False,False,False,False,False,True,False
1.17,3.0,3.51,26,7,False,True,False,False,True,False,False,True,False,True,False,False,False,False
2.55,1.5,3.82,20,7,False,True,False,True,False,False,False,False,False,False,True,False,False,False
2.61,3.0,7.83,5,7,True,False,False,False,True,True,False,False,False,True,False,False,False,False
3.33,2.0,6.66,14,6,True,False,True,False,False,False,False,True,False,True,False,False,False,False
4.89,3.0,14.67,14,6,False,True,False,False,True,False,True,False,False,True,False,False,False,False
4.03,1.5,6.04,20,6,False,True,False,True,False,False,False,True,False,False,False,False,False,False
0.56,1.5,0.84,11,6,True,False,False,True,False,False,True,False,False,False,False,False,False,True
3.56,1.5,5.34,12,6,True,False,False,True,False,True,False,False,False,False,False,True,False,False
4.25,1.5,6.38,28,6,True,False,False,True,False,False,True,False,False,True,False,False,False,False
3.14,1.5,4.71,1,7,True,False,False,True,False,True,False,False,False,False,False,False,True,False
3.96,3.0,11.88,16,6,True,False,False,False,True,False,True,False,True,False,False,False,False,False
0.2,8.0,1.6,5,8,False,False,False,False,False,False,False,False,False,False,False,False,True,False
4.89,8.0,39.12,7,8,False,False,False,False,False,False,True,False,False,False,False,True,False,False
3.4,2.0,6.8,19,6,True,False,True,False,False,True,False,False,False,False,False,True,False,False
4.22,1.5,6.33,10,8,False,False,False,True,False,True,False,False,False,False,True,False,False,False
4.75,8.0,38.0,7,7,False,True,False,False,False,False,True,False,True,False,False,False,False,False
1.29,3.0,3.87,25,6,False,False,False,False,True,True,False,False,False,False,False,False,False,True
2.72,3.0,8.16,29,7,True,False,False,False,True,True,False,False,False,False,False,False,True,False
2.43,3.0,7.29,1,7,False,True,False,False,True,False,False,True,False,False,False,False,True,False
1.78,2.0,3.56,30,7,True,False,True,False,False,False,True,False,False,False,False,False,False,True
1.35,8.0,10.8,14,6,False,False,False,False,False,True,False,False,False,True,False,False,False,False
3.57,1.5,5.35,1,7,False,True,False,True,False,False,False,False,False,False,False,False,True,False
3.82,1.5,5.73,21,6,False,False,False,True,False,False,False,True,False,True,False,False,False,False
4.91,1.5,7.37,24,7,False,True,False,True,False,False,False,True,False,False,False,True,False,False
4.84,1.5,7.26,9,7,False,False,False,True,False,False,False,True,False,False,False,False,False,True
1.09,3.0,3.27,23,7,True,False,False,False,True,False,True,False,False,False,False,False,False,True
3.18,3.0,9.54,1,7,True,False,False,False,True,True,False,False,False,False,False,False,True,False
1.54,3.0,4.62,13,6,True,False,False,False,True,True,False,False,False,False,False,False,False,False
4.06,3.0,12.18,23,6,True,False,False,False,True,False,False,False,True,False,False,False,False,False
0.83,1.5,1.24,5,8,True,False,False,True,False,True,False,False,False,False,False,False,True,False
2.64,3.0,7.92,26,6,False,True,False,False,True,True,False,False,False,False,False,True,False,False
3.71,3.0,11.13,2,7,False,False,False,False,True,True,False,False,False,False,False,False,False,True
3.26,1.5,4.89,31,7,False,True,False,True,False,True,False,False,False,False,False,True,False,False
4.24,8.0,33.92,28,7,False,True,False,False,False,False,False,False,True,False,False,False,False,False
1.85,3.0,5.55,6,8,False,False,False,False,True,False,False,True,False,False,False,False,False,True
1.08,3.0,3.24,25,7,False,True,False,False,True,True,False,False,False,False,False,False,False,False
2.22,3.0,6.66,15,7,False,False,False,False,True,False,True,False,False,False,False,False,True,False
4.42,8.0,35.36,29,7,True,False,False,False,False,False,True,False,False,False,False,False,True,False
2.69,3.0,8.07,6,7,False,True,False,False,True,False,True,False,False,False,True,False,False,False
4.04,8.0,32.32,15,6,False,True,False,False,False,False,False,True,False,False,True,False,False,False
0.34,2.0,0.68,18,7,False,True,True,False,False,False,False,True,False,False,False,False,False,False
4.5,1.5,6.75,4,7,False,True,False,True,False,True,False,False,False,False,False,False,False,False
0.87,1.5,1.3,28,7,True,False,False,True,False,False,False,False,True,False,False,False,False,False
2.08,3.0,6.24,24,7,False,True,False,False,True,True,False,False,False,False,False,True,False,False
2.87,8.0,22.96,14,6,False,True,False,False,False,False,False,True,False,True,False,False,False,False
1.04,1.5,1.56,31,7,True,False,False,True,False,True,False,False,False,False,False,True,False,False
4.76,3.0,14.28,23,7,False,False,False,False,True,True,False,False,False,False,False,False,False,True
3.34,1.5,5.01,29,7,False,False,False,True,False,False,False,True,False,False,False,False,True,False
4.58,8.0,36.64,7,7,True,False,False,False,False,False,False,True,True,False,False,False,False,False
3.52,1.5,5.28,26,7,False,False,False,True,False,False,False,True,False,True,False,False,False,False
4.07,3.0,12.21,6,7,True,False,False,False,True,False,True,False,False,False,True,False,False,False
1.41,8.0,11.28,10,7,False,False,False,False,False,False,False,True,False,False,False,True,False,False
0.63,3.0,1.89,17,6,False,True,False,False,True,False,True,False,False,False,False,False,True,False
4.52,2.0,9.04,14,6,False,False,True,False,False,False,True,False,False,True,False,False,False,False
1.14,1.5,1.71,10,7,True,False,False,True,False,True,False,False,False,False,False,True,False,False
2.25,8.0,18.0,13,7,False,True,False,False,False,False,True,False,False,False,True,False,False,False
1.86,2.0,3.72,16,6,True,False,True,False,False,False,False,False,True,False,False,False,False,False
2.77,3.0,8.31,16,6,False,True,False,False,True,False,False,True,True,False,False,False,False,False
3.85,2.0,7.7,6,7,True,False,True,False,False,False,False,True,False,False,True,False,False,False
0.47,8.0,3.76,7,8,False,True,False,False,False,False,False,True,False,False,False,True,False,False
0.92,3.0,2.76,27,7,True,False,False,False,True,True,False,False,False,False,True,False,False,False
4.83,1.5,7.25,28,6,False,True,False,True,False,False,False,True,False,True,False,False,False,False
0.79,8.0,6.32,4,7,False,True,False,False,False,False,False,True,False,False,False,False,False,False
4.48,2.0,8.96,26,6,False,True,True,False,False,False,False,False,False,False,False,True,False,False
4.08,2.0,8.16,22,6,True,False,True,False,False,False,True,False,False,False,True,False,False,False
4.72,2.0,9.44,6,8,True,False,True,False,False,False,False,False,False,False,False,False,False,True
0.21,3.0,0.63,6,7,False,True,False,False,True,False,False,True,False,False,True,False,False,False
0.59,8.0,4.72,6,8,False,False,False,False,False,False,False,False,False,False,False,False,False,True
2.72,3.0,8.16,2,8,True,False,False,False,True,False,False,False,False,True,False,False,False,False
2.77,2.0,5.54,26,6,False,True,True,False,False,False,False,True,False,False,False,True,False,False
0.86,8.0,6.88,16,6,False,True,False,False,False,False,False,False,True,False,False,False,False,False
0.47,8.0,3.76,23,7,False,True,False,False,False,False,False,True,False,False,False,False,False,True
3.98,1.5,5.97,13,6,True,False,False,True,False,False,True,False,False,False,False,False,False,False
4.67,2.0,9.34,5,8,True,False,True,False,False,False,False,False,False,False,False,False,True,False
0.37,1.5,0.55,7,8,False,True,False,True,False,True,False,False,False,False,False,True,False,False
3.07,8.0,24.56,29,6,True,False,False,False,False,False,False,False,False,False,True,False,False,False
1.19,8.0,9.52,2,8,True,False,False,False,False,False,False,False,False,True,False,False,False,False
4.74,3.0,14.22,16,6,False,False,False,False,True,False,False,True,True,False,False,False,False,False
3.46,2.0,6.92,22,6,True,False,True,False,False,False,False,True,False,False,True,False,False,False
3.85,1.5,5.78,9,7,False,True,False,True,False,False,False,True,False,False,False,False,False,True
4.12,2.0,8.24,23,7,False,True,True,False,False,False,False,True,False,False,False,False,False,True
4.51,2.0,9.02,2,8,False,True,True,False,False,False,False,False,False,True,False,False,False,False
4.96,2.0,9.92,14,6,False,True,True,False,False,False,True,False,False,True,False,False,False,False
4.75,1.5,7.12,27,7,False,True,False,True,False,True,False,False,False,False,True,False,False,False
2.65,8.0,21.2,23,7,False,True,False,False,False,True,False,False,False,False,False,False,False,True
1.43,8.0,11.44,21,7,True,False,False,False,False,True,False,False,True,False,False,False,False,False
0.88,2.0,1.76,30,6,False,False,True,False,False,True,False,False,True,False,False,False,False,False
1.71,1.5,2.56,17,6,False,False,False,True,False,False,False,False,False,False,False,False,True,False
3.7,3.0,11.1,27,6,False,True,False,False,True,True,False,False,False,False,False,False,False,False
0.32,8.0,2.56,20,6,False,False,False,False,False,False,False,False,False,False,False,False,False,False
2.13,3.0,6.39,8,8,True,False,False,False,True,False,True,False,False,False,False,False,False,False
3.76,2.0,7.52,19,6,False,True,True,False,False,False,True,False,False,False,False,True,False,False
2.84,8.0,22.72,8,7,False,True,False,False,False,False,False,False,False,False,False,False,True,False
1.48,1.5,2.22,28,7,True,False,False,True,False,False,True,False,True,False,False,False,False,False
1.94,1.5,2.91,13,6,True,False,False,True,False,True,False,False,False,False,False,False,False,False
1.3,1.5,1.95,25,7,False,False,False,True,False,False,False,True,False,False,False,False,False,False
4.58,2.0,9.16,26,7,False,True,True,False,False,False,False,False,False,True,False,False,False,False
4.28,3.0,12.84,27,6,True,False,False,False,True,False,False,False,False,False,False,False,False,False
2.85,1.5,4.28,18,6,False,True,False,True,False,False,False,True,False,False,False,False,False,True
1.84,2.0,3.68,3,8,False,False,True,False,False,True,False,False,False,False,True,False,False,False
3.37,3.0,10.11,9,7,False,True,False,False,True,False,False,True,False,False,False,False,False,True
4.81,2.0,9.62,27,7,False,False,True,False,False,False,True,False,False,False,True,False,False,False
4.86,1.5,7.29,30,7,False,False,False,True,False,True,False,False,False,False,False,False,False,True
1.6,3.0,4.8,27,7,False,True,False,False,True,False,False,False,False,False,True,False,False,False
4.23,8.0,33.84,9,7,True,False,False,False,False,False,False,False,False,False,False,False,False,True
3.1,8.0,24.8,28,6,False,False,False,False,False,False,False,True,False,True,False,False,False,False
2.91,8.0,23.28,20,6,False,True,False,False,False,False,True,False,False,False,False,False,False,False
2.45,3.0,7.35,3,7,False,False,False,False,True,False,False,False,False,False,False,True,False,False
3.69,2.0,7.38,25,6,False,True,True,False,False,False,False,True,False,False,False,False,False,True
4.71,8.0,37.68,28,6,True,False,False,False,False,False,True,False,False,True,False,False,False,False
3.17,3.0,9.51,4,8,False,False,False,False,True,False,True,False,True,False,False,False,False,False
4.87,2.0,9.74,13,7,False,False,True,False,False,False,False,False,False,False,True,False,False,False
4.05,3.0,12.15,15,6,False,True,False,False,True,False,False,False,False,False,True,False,False,False
0.96,2.0,1.92,26,7,False,False,True,False,False,False,False,True,False,True,False,False,False,False
2.16,8.0,17.28,6,7,False,False,False,False,False,False,False,True,False,False,True,False,False,False
0.55,3.0,1.65,24,7,False,False,False,False,True,False,False,True,False,False,False,True,False,False
0.48,8.0,3.84,21,7,True,False,False,False,False,False,True,False,True,False,False,False,False,False
2.83,8.0,22.64,18,6,False,True,False,False,False,False,False,True,False,False,False,False,False,True
3.91,3.0,11.73,19,6,False,True,False,False,True,False,False,True,False,False,False,True,False,False
1.51,8.0,12.08,2,7,True,False,False,False,False,False,False,True,False,False,False,False,False,True
4.03,1.5,6.04,26,6,True,False,False,True,False,False,False,True,False,False,False,True,False,False
1.45,1.5,2.17,21,6,False,True,False,True,False,False,True,False,False,True,False,False,False,False
2.66,1.5,3.99,10,8,False,False,False,True,False,False,True,False,False,False,True,False,False,False
3.86,8.0,30.88,29,6,False,True,False,False,False,False,False,False,False,False,True,False,False,False
4.7,3.0,14.1,30,6,True,False,False,False,True,False,False,True,True,False,False,False,False,False
4.36,1.5,6.54,10,8,True,False,False,True,False,False,False,True,False,False,True,False,False,False
0.25,1.5,0.38,19,6,False,True,False,True,False,True,False,False,False,False,False,True,False,False
0.71,2.0,1.42,18,7,True,False,True,False,False,False,False,False,False,False,False,False,False,False
1.76,2.0,3.52,13,6,False,False,True,False,False,False,False,True,False,False,False,False,False,False
3.84,3.0,11.52,9,8,False,True,False,False,True,True,False,False,False,True,False,False,False,False
3.3,3.0,9.9,6,7,False,True,False,False,True,True,False,False,False,False,True,False,False,False
0.82,3.0,2.46,21,6,False,False,False,False,True,True,False,False,False,True,False,False,False,False
2.61,8.0,20.88,5,8,True,False,False,False,False,False,True,False,False,False,False,False,True,False
0.42,2.0,0.84,17,6,True,False,True,False,False,False,False,True,False,False,False,False,True,False
0.65,8.0,5.2,6,7,True,False,False,False,False,False,True,False,False,False,True,False,False,False
1.62,8.0,12.96,22,6,True,False,False,False,False,True,False,False,False,False,True,False,False,False
3.84,3.0,11.52,20,7,False,True,False,False,True,False,False,True,False,False,True,False,False,False
0.94,8.0,7.52,6,8,False,False,False,False,False,False,False,True,False,False,False,False,False,True
3.42,8.0,27.36,7,8,False,False,False,False,False,True,False,False,False,False,False,True,False,False
2.88,1.5,4.32,19,6,False,True,False,True,False,False,False,True,False,False,False,True,False,False
2.69,1.5,4.04,9,7,True,False,False,True,False,False,False,True,False,False,False,False,False,True
1.34,2.0,2.68,1,8,True,False,True,False,False,False,False,False,False,False,False,False,False,False
0.95,1.5,1.42,22,6,False,False,False,True,False,True,False,False,False,False,True,False,False,False
3.65,3.0,10.95,5,8,True,False,False,False,True,False,True,False,False,False,False,False,True,False
2.86,3.0,8.58,29,6,False,False,False,False,True,False,True,False,False,False,True,False,False,False
0.84,2.0,1.68,22,6,False,False,True,False,False,False,False,False,False,False,True,False,False,False
1.02,3.0,3.06,12,7,False,False,False,False,True,True,False,False,False,True,False,False,False,False
3.85,8.0,30.8,30,6,True,False,False,False,False,True,False,False,True,False,False,False,False,False
3.37,2.0,6.74,20,6,False,False,True,False,False,False,False,False,False,False,False,False,False,False
3.76,1.5,5.64,15,6,False,False,False,True,False,True,False,False,False,False,True,False,False,False
3.92,8.0,31.36,20,7,False,False,False,False,False,True,False,False,False,False,True,False,False,False
4.79,2.0,9.58,18,7,True,False,True,False,False,True,False,False,False,False,False,False,False,False
3.53,8.0,28.24,9,8,False,True,False,False,False,False,False,True,False,True,False,False,False,False
1.16,8.0,9.28,17,6,False,False,False,False,False,False,False,False,False,False,False,False,True,False
1.59,3.0,4.77,16,6,False,False,False,False,True,True,False,False,True,False,False,False,False,False
0.52,8.0,4.16,29,7,False,True,False,False,False,False,False,True,False,False,False,False,True,False
1.29,1.5,1.94,16,6,True,False,False,True,False,False,True,False,True,False,False,False,False,False
4.64,3.0,13.92,3,7,True,False,False,False,True,False,False,True,False,False,False,True,False,False
4.71,1.5,7.06,15,6,True,False,False,True,False,True,False,False,False,False,True,False,False,False
3.76,1.5,5.64,20,6,False,False,False,True,False,False,True,False,False,False,False,False,False,False
2.61,8.0,20.88,17,6,False,True,False,False,False,False,True,False,False,False,False,False,True,False
0.58,1.5,0.87,2,8,True,False,False,True,False,False,True,False,False,True,False,False,False,False
1.5,3.0,4.5,27,6,False,True,False,False,True,False,False,True,False,False,False,False,False,False
2.99,2.0,5.98,13,6,False,False,True,False,False,False,False,False,False,False,False,False,False,False
4.26,8.0,34.08,7,7,True,False,False,False,False,False,True,False,True,False,False,False,False,False
4.99,2.0,9.98,23,7,False,True,True,False,False,False,False,False,False,False,False,False,False,True
4.0,3.0,12.0,1,7,False,True,False,False,True,False,True,False,False,False,False,False,True,False
1.21,1.5,1.81,10,7,False,True,False,True,False,False,False,False,False,False,False,True,False,False
1.19,2.0,2.38,8,8,False,False,True,False,False,False,False,True,False,False,False,False,False,False
2.0,1.5,3.0,2,8,False,True,False,True,False,False,True,False,False,True,False,False,False,False
0.75,1.5,1.12,23,7,False,True,False,True,False,False,True,False,False,False,False,False,False,True
1.48,2.0,2.96,17,7,False,True,True,False,False,True,False,False,False,False,False,True,False,False
3.31,2.0,6.62,13,6,False,False,True,False,False,False,True,False,False,False,False,False,False,False
2.39,3.0,7.17,4,7,False,False,False,False,True,False,True,False,False,False,False,False,False,False
1.98,3.0,5.94,30,7,True,False,False,False,True,False,True,False,False,False,False,False,False,True
4.32,8.0,34.56,2,8,False,False,False,False,False,False,True,False,False,True,False,False,False,False
0.56,3.0,1.68,6,8,False,True,False,False,True,False,False,False,False,False,False,False,False,True
2.33,3.0,6.99,15,6,True,False,False,False,True,False,False,False,False,False,True,False,False,False
4.19,3.0,12.57,24,6,True,False,False,False,True,True,False,False,False,False,False,False,True,False
1.4,8.0,11.2,24,7,False,False,False,False,False,True,False,False,False,False,False,True,False,False
2.16,3.0,6.48,12,7,False,True,False,False,True,False,False,True,False,True,False,False,False,False
1.53,8.0,12.24,29,7,False,False,False,False,False,False,True,False,False,False,False,False,True,False
2.16,8.0,17.28,30,7,False,True,False,False,False,False,False,True,False,False,False,False,False,True
3.13,2.0,6.26,20,6,True,False,True,False,False,False,False,False,False,False,False,False,False,False
2.23,8.0,17.84,12,7,False,True,False,False,False,False,False,True,False,True,False,False,False,False
0.91,1.5,1.36,23,6,False,True,False,True,False,True,False,False,True,False,False,False,False,False
4.52,1.5,6.78,12,7,False,True,False,True,False,False,False,False,False,True,False,False,False,False
3.3,8.0,26.4,7,8,True,False,False,False,False,False,False,True,False,False,False,True,False,False
4.38,8.0,35.04,30,7,False,True,False,False,False,False,True,False,False,False,False,False,False,True
3.08,8.0,24.64,21,7,False,True,False,False,False,False,False,False,True,False,False,False,False,False
1.76,2.0,3.52,15,6,False,True,True,False,False,True,False,False,False,False,True,False,False,False
1.51,2.0,3.02,11,6,False,False,True,False,False,False,False,True,False,False,False,False,False,True
1.52,1.5,2.28,29,6,True,False,False,True,False,False,False,True,False,False,True,False,False,False
3.34,3.0,10.02,19,6,True,False,False,False,True,True,False,False,False,False,False,True,False,False
0.67,8.0,5.36,8,7,False,True,False,False,False,False,True,False,False,False,False,False,True,False
3.61,1.5,5.42,3,8,False,True,False,True,False,False,False,True,False,False,True,False,False,False
4.84,3.0,14.52,27,7,False,True,False,False,True,False,False,True,False,False,True,False,False,False
3.59,3.0,10.77,17,7,True,False,False,False,True,True,False,False,False,False,False,True,False,False
4.45,2.0,8.9,4,8,False,True,True,False,False,False,True,False,True,False,False,False,False,False
2.59,8.0,20.72,21,6,False,True,False,False,False,False,False,True,False,True,False,False,False,False
1.57,1.5,2.35,7,7,False,True,False,True,False,True,False,False,True,False,False,False,False,False
2.63,8.0,21.04,25,6,False,False,False,False,False,True,False,False,False,False,False,False,False,True
4.74,1.5,7.11,26,7,False,True,False,True,False,False,False,False,False,True,False,False,False,False
0.97,1.5,1.46,3,8,True,False,False,True,False,False,False,False,False,False,True,False,False,False
2.58,3.0,7.74,21,6,True,False,False,False,True,True,False,False,False,True,False,False,False,False
1.33,2.0,2.66,10,8,True,False,True,False,False,False,False,True,False,False,True,False,False,False
3.63,1.5,5.45,2,7,False,True,False,True,False,False,False,False,False,False,False,False,False,True
3.73,2.0,7.46,21,7,False,True,True,False,False,True,False,False,True,False,False,False,False,False
3.12,2.0,6.24,3,7,False,False,True,False,False,False,True,False,False,False,False,True,False,False
2.68,2.0,5.36,25,7,False,True,True,False,False,False,True,False,False,False,False,False,False,False
2.8,3.0,8.4,28,6,True,False,False,False,True,False,False,True,False,True,False,False,False,False
3.34,8.0,26.72,11,7,True,False,False,False,False,True,False,False,False,False,False,False,False,False
1.14,1.5,1.71,18,7,False,True,False,True,False,False,False,False,False,False,False,False,False,False
4.21,1.5,6.31,9,8,False,False,False,True,False,True,False,False,False,True,False,False,False,False
4.62,3.0,13.86,18,6,False,True,False,False,True,True,False,False,False,False,False,False,False,True
1.32,8.0,10.56,24,7,False,True,False,False,False,False,True,False,False,False,False,True,False,False
4.23,2.0,8.46,2,8,False,False,True,False,False,False,False,False,False,True,False,False,False,False
0.59,1.5,0.89,16,6,False,True,False,True,False,False,False,False,True,False,False,False,False,False
0.52,8.0,4.16,25,6,False,False,False,False,False,False,False,True,False,False,False,False,False,True
1.78,3.0,5.34,29,7,False,True,False,False,True,False,False,True,False,False,False,False,True,False
2.98,2.0,5.96,30,7,True,False,True,False,False,False,False,False,False,False,False,False,False,True
0.74,2.0,1.48,24,7,True,False,True,False,False,False,False,False,False,False,False,True,False,False
3.6,8.0,28.8,29,7,True,False,False,False,False,False,False,True,False,False,False,False,True,False
1.79,3.0,5.37,28,6,False,True,False,False,True,False,True,False,False,True,False,False,False,False
4.08,1.5,6.12,10,7,False,False,False,True,False,False,False,False,False,False,False,True,False,False
3.92,2.0,7.84,28,6,False,True,True,False,False,False,False,True,False,True,False,False,False,False
3.34,1.5,5.01,5,8,False,False,False,True,False,False,True,False,False,False,False,False,True,False
0.6,3.0,1.8,28,7,False,False,False,False,True,False,True,False,True,False,False,False,False,False
2.92,2.0,5.84,20,6,False,True,True,False,False,False,True,False,False,False,False,False,False,False
1.69,3.0,5.07,20,6,False,True,False,False,True,False,False,True,False,False,False,False,False,False
1.18,3.0,3.54,26,7,False,False,False,False,True,True,False,False,False,True,False,False,False,False
2.34,1.5,3.51,31,7,True,False,False,True,False,False,True,False,False,False,False,True,False,False
1.2,8.0,9.6,18,6,True,False,False,False,False,False,False,True,False,False,False,False,False,True
4.69,2.0,9.38,18,7,False,False,True,False,False,True,False,False,False,False,False,False,False,False
2.55,3.0,7.65,1,7,False,False,False,False,True,False,False,False,False,False,False,False,True,False
3.73,1.5,5.59,21,7,False,True,False,True,False,False,False,False,True,False,False,False,False,False
1.99,1.5,2.98,28,7,False,False,False,True,False,False,False,False,True,False,False,False,False,False
3.5,8.0,28.0,15,7,True,False,False,False,False,False,False,True,False,False,False,False,True,False
4.03,1.5,6.04,7,8,True,False,False,True,False,True,False,False,False,False,False,True,False,False
4.94,1.5,7.41,2,8,False,False,False,True,False,True,False,False,False,True,False,False,False,False
2.91,2.0,5.82,3,7,True,False,True,False,False,False,False,False,False,False,False,True,False,False
1.64,3.0,4.92,19,7,False,True,False,False,True,True,False,False,False,True,False,False,False,False
1.12,1.5,1.68,5,8,False,True,False,True,False,False,False,True,False,False,False,False,True,False
0.72,2.0,1.44,27,7,False,True,True,False,False,True,False,False,False,False,True,False,False,False
2.53,1.5,3.79,3,7,True,False,False,True,False,False,True,False,False,False,False,True,False,False
1.49,3.0,4.47,22,6,False,False,False,False,True,False,False,True,False,False,True,False,False,False
2.58,3.0,7.74,5,7,False,True,False,False,True,False,True,False,False,True,False,False,False,False
4.03,2.0,8.06,6,8,True,False,True,False,False,True,False,False,False,False,False,False,False,True
4.25,1.5,6.38,26,7,False,False,False,True,False,True,False,False,False,True,False,False,False,False
1.74,3.0,5.22,3,8,False,False,False,False,True,False,False,False,False,False,True,False,False,False
3.44,8.0,27.52,2,8,False,True,False,False,False,True,False,False,False,True,False,False,False,False
4.1,8.0,32.8,7,7,False,False,False,False,False,False,False,True,True,False,False,False,False,False
1.07,3.0,3.21,5,8,False,True,False,False,True,True,False,False,False,False,False,False,True,False
0.63,8.0,5.04,8,8,True,False,False,False,False,False,True,False,False,False,False,False,False,False
2.04,1.5,3.06,11,7,False,True,False,True,False,False,True,False,False,False,False,False,False,False
1.11,1.5,1.67,8,8,False,False,False,True,False,True,False,False,False,False,False,False,False,False
2.32,3.0,6.96,9,8,False,True,False,False,True,False,True,False,False,True,False,False,False,False
3.93,2.0,7.86,27,6,False,False,True,False,False,True,False,False,False,False,False,False,False,False
3.04,1.5,4.56,20,6,False,False,False,True,False,False,False,False,False,False,False,False,False,False
0.41,3.0,1.23,2,8,False,False,False,False,True,True,False,False,False,True,False,False,False,False
4.58,8.0,36.64,15,6,True,False,False,False,False,False,False,True,False,False,True,False,False,False
0.96,8.0,7.68,3,7,True,False,False,False,False,True,False,False,False,False,False,True,False,False
3.49,8.0,27.92,13,6,False,False,False,False,False,False,False,True,False,False,False,False,False,False
4.77,8.0,38.16,21,7,False,True,False,False,False,False,True,False,True,False,False,False,False,False
1.98,1.5,2.97,14,6,False,True,False,True,False,False,False,False,False,True,False,False,False,False
4.12,3.0,12.36,31,7,False,True,False,False,True,False,False,True,False,False,False,True,False,False
3.39,2.0,6.78,16,6,False,False,True,False,False,False,False,True,True,False,False,False,False,False
3.18,1.5,4.77,19,7,True,False,False,True,False,False,False,False,False,True,False,False,False,False
1.72,2.0,3.44,3,8,False,False,True,False,False,False,True,False,False,False,True,False,False,False
4.57,1.5,6.86,2,7,False,False,False,True,False,False,False,True,False,False,False,False,False,True
1.83,1.5,2.75,26,6,True,False,False,True,False,True,False,False,False,False,False,True,False,False
4.64,8.0,37.12,10,7,True,False,False,False,False,False,False,True,False,False,False,True,False,False
0.65,2.0,1.3,4,7,False,False,True,False,False,False,False,True,False,False,False,False,False,False
1.55,3.0,4.65,28,7,False,True,False,False,True,False,False,False,True,False,False,False,False,False
4.9,2.0,9.8,2,7,True,False,True,False,False,False,True,False,False,False,False,False,False,True
2.42,2.0,4.84,7,7,True,False,True,False,False,False,True,False,True,False,False,False,False,False
2.57,8.0,20.56,9,8,True,False,False,False,False,False,False,True,False,True,False,False,False,False
0.5,3.0,1.5,29,7,False,False,False,False,True,False,True,False,False,False,False,False,True,False
4.49,3.0,13.47,28,6,True,False,False,False,True,False,True,False,False,True,False,False,False,False
2.15,8.0,17.2,29,7,True,False,False,False,False,True,False,False,False,False,False,False,True,False
0.2,8.0,1.6,20,6,False,True,False,False,False,False,False,True,False,False,False,False,False,False
1.12,8.0,8.96,2,7,False,False,False,False,False,False,True,False,False,False,False,False,False,True
2.98,8.0,23.84,14,6,False,False,False,False,False,False,False,True,False,True,False,False,False,False
2.87,2.0,5.74,18,7,False,True,True,False,False,False,True,False,False,False,False,False,False,False
0.56,8.0,4.48,18,7,False,False,False,False,False,False,False,False,False,False,False,False,False,False
2.76,2.0,5.52,13,7,True,False,True,False,False,False,False,True,False,False,True,False,False,False
2.51,3.0,7.53,7,8,False,True,False,False,True,False,False,True,False,False,False,True,False,False
1.18,3.0,3.54,15,6,True,False,False,False,True,False,False,True,False,False,True,False,False,False
3.84,8.0,30.72,30,6,False,True,False,False,False,False,False,True,True,False,False,False,False,False
4.32,8.0,34.56,9,8,True,False,False,False,False,False,False,False,False,True,False,False,False,False
0.84,2.0,1.68,19,7,True,False,True,False,False,True,False,False,False,True,False,False,False,False
2.68,2.0,5.36,13,6,False,False,True,False,False,True,False,False,False,False,False,False,False,False
2.57,1.5,3.85,17,6,False,True,False,True,False,False,True,False,False,False,False,False,True,False
1.63,3.0,4.89,6,8,False,False,False,False,True,True,False,False,False,False,False,False,False,True
4.15,2.0,8.3,4,7,False,True,True,False,False,False,True,False,False,False,False,False,False,False
3.61,2.0,7.22,26,7,True,False,True,False,False,True,False,False,False,True,False,False,False,False
2.02,2.0,4.04,27,7,False,True,True,False,False,False,True,False,False,False,True,False,False,False
2.1,8.0,16.8,16,6,False,True,False,False,False,True,False,False,True,False,False,False,False,False
2.88,1.5,4.32,4,7,False,True,False,True,False,False,False,False,False,False,False,False,False,False
3.32,2.0,6.64,23,7,False,False,True,False,False,False,True,False,False,False,False,False,False,True
3.31,1.5,4.96,2,8,False,True,False,True,False,True,False,False,False,True,False,False,False,False
0.93,1.5,1.4,29,6,False,False,False,True,False,False,False,False,False,False,True,False,False,False
4.53,1.5,6.79,14,6,True,False,False,True,False,False,False,False,False,True,False,False,False,False
0.11,3.0,0.33,28,7,False,False,False,False,True,False,False,False,True,False,False,False,False,False
3.95,3.0,11.85,30,7,False,True,False,False,True,False,True,False,False,False,False,False,False,True
1.98,8.0,15.84,22,7,False,False,False,False,False,False,True,False,False,False,False,False,True,False
0.6,8.0,4.8,1,8,True,False,False,False,False,False,False,True,False,False,False,False,False,False
1.24,3.0,3.72,23,7,False,False,False,False,True,False,False,False,False,False,False,False,False,True
4.54,2.0,9.08,21,6,False,False,True,False,False,False,False,False,False,True,False,False,False,False
4.33,1.5,6.5,15,7,False,True,False,True,False,False,True,False,False,False,False,False,True,False
1.79,2.0,3.58,9,8,True,False,True,False,False,False,True,False,False,True,False,False,False,False
1.45,1.5,2.17,30,7,False,True,False,True,False,True,False,False,False,False,False,False,False,True
2.55,2.0,5.1,21,7,True,False,True,False,False,False,False,True,True,False,False,False,False,False
1.36,8.0,10.88,3,7,False,False,False,False,False,False,False,False,False,False,False,True,False,False
2.89,2.0,5.78,30,6,True,False,True,False,False,False,False,False,True,False,False,False,False,False
0.69,1.5,1.03,30,7,False,False,False,True,False,False,False,False,False,False,False,False,False,True
3.45,1.5,5.18,25,7,False,False,False,True,False,True,False,False,False,False,False,False,False,False
4.04,8.0,32.32,29,6,False,True,False,False,False,False,True,False,False,False,True,False,False,False
0.31,3.0,0.93,25,6,True,False,False,False,True,False,False,True,False,False,False,False,False,True
1.76,3.0,5.28,18,7,False,True,False,False,True,True,False,False,False,False,False,False,False,False
2.04,3.0,6.12,10,7,False,False,False,False,True,False,False,True,False,False,False,True,False,False
4.83,3.0,14.49,24,7,False,False,False,False,True,False,False,False,False,False,False,True,False,False
3.8,1.5,5.7,11,7,False,False,False,True,False,False,False,True,False,False,False,False,False,False
2.51,1.5,3.76,16,6,False,False,False,True,False,True,False,False,True,False,False,False,False,False
1.08,1.5,1.62,10,8,False,False,False,True,False,False,False,True,False,False,True,False,False,False
1.44,3.0,4.32,3,8,True,False,False,False,True,True,False,False,False,False,True,False,False,False
2.86,8.0,22.88,22,7,True,False,False,False,False,True,False,False,False,False,False,False,True,False
3.64,2.0,7.28,28,7,True,False,True,False,False,False,True,False,True,False,False,False,False,False
1.15,1.5,1.72,18,6,False,False,False,True,False,False,True,False,False,False,False,False,False,True
3.82,8.0,30.56,6,8,False,False,False,False,False,False,True,False,False,False,False,False,False,True
0.6,3.0,1.8,7,8,True,False,False,False,True,False,False,True,False,False,False,True,False,False
4.65,8.0,37.2,27,7,False,False,False,False,False,False,False,True,False,False,True,False,False,False
3.51,1.5,5.26,24,6,False,True,False,True,False,False,False,True,False,False,False,False,True,False
0.92,3.0,2.76,9,7,False,True,False,False,True,False,False,False,False,False,False,False,False,True
3.93,8.0,31.44,26,6,False,False,False,False,False,False,True,False,False,False,False,True,False,False
0.45,2.0,0.9,3,8,False,True,True,False,False,False,False,False,False,False,True,False,False,False
1.98,1.5,2.97,4,8,False,False,False,True,False,False,False,True,True,False,False,False,False,False
1.71,2.0,3.42,12,7,True,False,True,False,False,False,False,True,False,True,False,False,False,False
1.79,8.0,14.32,14,7,False,True,False,False,False,False,True,False,True,False,False,False,False,False
2.11,3.0,6.33,2,7,False,False,False,False,True,False,False,False,False,False,False,False,False,True
2.69,1.5,4.04,25,7,True,False,False,True,False,False,True,False,False,False,False,False,False,False
1.96,8.0,15.68,20,6,False,False,False,False,False,False,False,True,False,False,False,False,False,False
1.48,8.0,11.84,23,6,True,False,False,False,False,False,True,False,True,False,False,False,False,False
0.88,8.0,7.04,6,8,True,False,False,False,False,False,False,False,False,False,False,False,False,True
3.79,3.0,11.37,19,7,False,True,False,False,True,False,True,False,False,True,False,False,False,False
1.73,8.0,13.84,1,7,False,False,False,False,False,True,False,False,False,False,False,False,True,False
1.23,3.0,3.69,9,7,True,False,False,False,True,False,False,False,False,False,False,False,False,True
0.62,2.0,1.24,12,7,False,False,True,False,False,False,False,False,False,True,False,False,False,False
1.33,2.0,2.66,1,8,True,False,True,False,False,False,True,False,False,False,False,False,False,False
3.27,1.5,4.91,22,6,False,True,False,True,False,False,False,False,False,False,True,False,False,False
0.9,1.5,1.35,28,7,False,False,False,True,False,False,False,True,True,False,False,False,False,False
1.99,2.0,3.98,6,8,False,True,True,False,False,False,True,False,False,False,False,False,False,True
0.26,1.5,0.39,16,6,False,True,False,True,False,True,False,False,True,False,False,False,False,False
3.03,3.0,9.09,15,7,False,True,False,False,True,False,False,True,False,False,False,False,True,False
3.63,2.0,7.26,21,7,False,True,True,False,False,False,False,True,True,False,False,False,False,False
0.57,8.0,4.56,18,6,False,True,False,False,False,False,False,False,False,False,False,False,False,True
4.14,2.0,8.28,15,6,False,True,True,False,False,False,False,False,False,False,True,False,False,False
3.42,8.0,27.36,1,8,False,True,False,False,False,True,False,False,False,False,False,False,False,False
0.42,1.5,0.63,27,6,True,False,False,True,False,False,True,False,False,False,False,False,False,False
0.94,3.0,2.82,10,7,False,True,False,False,True,False,False,True,False,False,False,True,False,False
4.2,8.0,33.6,31,7,True,False,False,False,False,False,True,False,False,False,False,True,False,False
1.32,8.0,10.56,17,7,True,False,False,False,False,True,False,False,False,False,False,True,False,False
1.98,8.0,15.84,12,6,False,False,False,False,False,False,True,False,False,False,False,True,False,False
2.52,2.0,5.04,30,6,False,True,True,False,False,True,False,False,True,False,False,False,False,False
4.64,8.0,37.12,10,8,True,False,False,False,False,True,False,False,False,False,True,False,False,False
3.52,8.0,28.16,22,6,True,False,False,False,False,False,False,False,False,False,True,False,False,False
1.0,2.0,2.0,6,8,False,True,True,False,False,True,False,False,False,False,False,False,False,True
2.96,8.0,23.68,15,6,True,False,False,False,False,True,False,False,False,False,True,False,False,False
2.43,8.0,19.44,14,7,True,False,False,False,False,True,False,False,True,False,False,False,False,False
1.45,8.0,11.6,26,6,True,False,False,False,False,False,True,False,False,False,False,True,False,False
3.23,8.0,25.84,28,6,False,True,False,False,False,False,False,True,False,True,False,False,False,False
0.82,8.0,6.56,1,7,True,False,False,False,False,False,True,False,False,False,False,False,True,False
0.23,3.0,0.69,12,7,False,False,False,False,True,False,True,False,False,True,False,False,False,False
3.45,3.0,10.35,6,8,True,False,False,False,True,False,True,False,False,False,False,False,False,True
2.66,8.0,21.28,5,8,False,True,False,False,False,False,True,False,False,False,False,False,True,False
4.09,1.5,6.13,25,6,True,False,False,True,False,False,False,False,False,False,False,False,False,True
2.27,2.0,4.54,19,6,True,False,True,False,False,False,True,False,False,False,False,True,False,False
1.56,8.0,12.48,12,6,False,True,False,False,False,True,False,False,False,False,False,True,False,False
4.19,8.0,33.52,5,8,True,False,False,False,False,True,False,False,False,False,False,False,True,False
2.3,2.0,4.6,28,6,False,True,True,False,False,False,True,False,False,True,False,False,False,False
3.87,1.5,5.8,14,7,False,False,False,True,False,False,False,False,True,False,False,False,False,False
2.6,1.5,3.9,5,7,True,False,False,True,False,False,False,False,False,True,False,False,False,False
2.91,1.5,4.37,5,7,False,True,False,True,False,False,True,False,False,True,False,False,False,False
2.66,2.0,5.32,30,7,False,True,True,False,False,False,False,True,False,False,False,False,False,True
4.83,2.0,9.66,23,6,True,False,True,False,False,False,False,True,True,False,False,False,False,False
3.05,3.0,9.15,26,6,False,True,False,False,True,False,True,False,False,False,False,True,False,False
1.25,1.5,1.88,7,7,False,False,False,True,False,True,False,False,True,False,False,False,False,False
4.16,8.0,33.28,18,7,False,True,False,False,False,True,False,False,False,False,False,False,False,False
1.9,3.0,5.7,21,7,True,False,False,False,True,False,False,True,True,False,False,False,False,False
1.72,1.5,2.58,9,7,False,False,False,True,False,True,False,False,False,False,False,False,False,True
3.28,1.5,4.92,27,6,False,True,False,True,False,False,False,False,False,False,False,False,False,False
3.92,2.0,7.84,3,8,True,False,True,False,False,False,False,False,False,False,True,False,False,False
3.21,3.0,9.63,21,7,False,False,False,False,True,True,False,False,True,False,False,False,False,False
2.78,1.5,4.17,16,7,True,False,False,True,False,False,True,False,False,False,False,False,False,True
3.24,1.5,4.86,16,6,True,False,False,True,False,True,False,False,True,False,False,False,False,False
3.14,3.0,9.42,30,7,False,False,False,False,True,False,False,False,False,False,False,False,False,True
4.75,8.0,38.0,27,6,False,False,False,False,False,False,False,True,False,False,False,False,False,False
2.34,2.0,4.68,30,7,False,True,True,False,False,False,True,False,False,False,False,False,False,True
2.86,8.0,22.88,13,7,False,True,False,False,False,False,False,False,False,False,True,False,False,False
4.91,1.5,7.37,22,7,False,True,False,True,False,False,True,False,False,False,False,False,True,False
4.0,2.0,8.0,6,8,False,True,True,False,False,False,False,True,False,False,False,False,False,True
4.17,2.0,8.34,23,6,False,True,True,False,False,True,False,False,True,False,False,False,False,False
2.39,1.5,3.58,29,6,True,False,False,True,False,False,True,False,False,False,True,False,False,False
2.12,2.0,4.24,9,8,False,True,True,False,False,False,False,True,False,True,False,False,False,False
3.07,3.0,9.21,5,8,False,False,False,False,True,False,False,True,False,False,False,False,True,False
1.35,2.0,2.7,20,6,False,False,True,False,False,False,True,False,False,False,False,False,False,False
0.38,2.0,0.76,21,6,False,True,True,False,False,False,False,True,False,True,False,False,False,False
2.8,2.0,5.6,12,6,False,True,True,False,False,False,False,True,False,False,False,True,False,False
1.09,8.0,8.72,18,7,True,False,False,False,False,True,False,False,False,False,False,False,False,False
4.21,8.0,33.68,24,6,False,True,False,False,False,False,True,False,False,False,False,False,True,False
4.49,3.0,13.47,21,6,True,False,False,False,True,False,True,False,False,True,False,False,False,False
4.94,3.0,14.82,7,8,False,True,False,False,True,True,False,False,False,False,False,True,False,False
0.49,1.5,0.73,29,7,True,False,False,True,False,False,True,False,False,False,False,False,True,False
1.93,1.5,2.9,10,7,False,False,False,True,False,False,False,True,False,False,False,True,False,False
1.98,2.0,3.96,30,6,False,False,True,False,False,False,False,False,True,False,False,False,False,False
1.28,3.0,3.84,11,7,False,False,False,False,True,False,True,False,False,False,False,False,False,False
3.58,1.5,5.37,2,8,False,False,False,True,False,False,True,False,False,True,False,False,False,False
3.44,2.0,6.88,13,7,False,True,True,False,False,True,False,False,False,False,True,False,False,False
4.27,3.0,12.81,24,6,False,False,False,False,True,True,False,False,False,False,False,False,True,False
2.78,8.0,22.24,5,7,False,True,False,False,False,False,True,False,False,True,False,False,False,False
3.35,2.0,6.7,5,8,False,False,True,False,False,False,False,True,False,False,False,False,True,False
1.97,3.0,5.91,8,7,True,False,False,False,True,False,False,False,False,False,False,False,True,False
3.66,3.0,10.98,21,6,False,False,False,False,True,False,False,False,False,True,False,False,False,False
0.75,1.5,1.12,18,7,True,False,False,True,False,True,False,False,False,False,False,False,False,False
1.81,8.0,14.48,2,7,True,False,False,False,False,False,False,False,False,False,False,False,False,True
3.08,1.5,4.62,2,8,False,False,False,True,False,False,False,False,False,True,False,False,False,False
1.69,3.0,5.07,2,7,False,False,False,False,True,False,True,False,False,False,False,False,False,True
1.14,3.0,3.42,20,6,False,False,False,False,True,True,False,False,False,False,False,False,False,False
4.83,2.0,9.66,4,8,False,False,True,False,False,False,False,False,True,False,False,False,False,False
0.79,2.0,1.58,11,7,False,True,True,False,False,False,False,False,False,False,False,False,False,False
1.98,2.0,3.96,19,7,True,False,True,False,False,False,False,True,False,True,False,False,False,False
2.9,3.0,8.7,14,6,False,True,False,False,True,True,False,False,False,True,False,False,False,False
2.59,1.5,3.88,12,6,False,False,False,True,False,False,True,False,False,False,False,True,False,False
2.4,1.5,3.6,23,6,True,False,False,True,False,False,False,False,True,False,False,False,False,False
0.61,3.0,1.83,22,6,False,False,False,False,True,False,False,False,False,False,True,False,False,False
2.98,1.5,4.47,14,7,False,True,False,True,False,True,False,False,True,False,False,False,False,False
2.54,8.0,20.32,12,6,False,False,False,False,False,False,False,False,False,False,False,True,False,False
1.66,2.0,3.32,14,7,True,False,True,False,False,False,True,False,True,False,False,False,False,False
2.93,1.5,4.4,29,6,False,False,False,True,False,False,False,True,False,False,True,False,False,False
3.94,8.0,31.52,10,7,True,False,False,False,False,False,False,False,False,False,False,True,False,False
4.18,2.0,8.36,12,6,False,False,True,False,False,False,False,False,False,False,False,True,False,False
1.08,1.5,1.62,25,6,True,False,False,True,False,False,False,True,False,False,False,False,False,True
4.99,8.0,39.92,3,7,True,False,False,False,False,False,True,False,False,False,False,True,False,False
0.32,2.0,0.64,6,7,False,False,True,False,False,False,False,False,False,False,True,False,False,False
0.54,2.0,1.08,26,7,False,True,True,False,False,False,False,True,False,True,False,False,False,False
4.67,3.0,14.01,18,7,True,False,False,False,True,False,True,False,False,False,False,False,False,False
3.84,2.0,7.68,24,6,False,False,True,False,False,False,True,False,False,False,False,False,True,False
4.36,2.0,8.72,6,7,False,True,True,False,False,False,False,False,False,False,True,False,False,False
4.15,8.0,33.2,24,7,False,False,False,False,False,False,True,False,False,False,False,True,False,False
1.8,2.0,3.6,28,6,True,False,True,False,False,False,True,False,False,True,False,False,False,False
2.1,2.0,4.2,6,7,False,False,True,False,False,False,True,False,False,False,True,False,False,False
2.12,8.0,16.96,11,6,False,True,False,False,False,False,True,False,False,False,False,False,False,True
0.48,2.0,0.96,11,7,False,False,True,False,False,False,True,False,False,False,False,False,False,False
3.25,1.5,4.88,7,8,True,False,False,True,False,False,False,False,False,False,False,True,False,False
4.26,2.0,8.52,16,6,True,False,True,False,False,True,False,False,True,False,False,False,False,False
1.37,3.0,4.11,24,7,True,False,False,False,True,True,False,False,False,False,False,True,False,False
0.15,3.0,0.45,16,7,False,False,False,False,True,False,False,True,False,False,False,False,False,True
3.66,3.0,10.98,4,8,True,False,False,False,True,False,False,False,True,False,False,False,False,False
0.56,8.0,4.48,18,6,False,True,False,False,False,False,True,False,False,False,False,False,False,True
0.96,8.0,7.68,4,7,False,True,False,False,False,True,False,False,False,False,False,False,False,False
1.46,2.0,2.92,20,7,False,False,True,False,False,False,False,False,False,False,True,False,False,False
2.8,3.0,8.4,25,7,False,True,False,False,True,False,False,False,False,False,False,False,False,False
1.66,1.5,2.49,28,7,False,True,False,True,False,False,False,False,True,False,False,False,False,False
1.56,2.0,3.12,17,7,False,False,True,False,False,False,False,False,False,False,False,True,False,False
1.82,1.5,2.73,17,7,False,False,False,True,False,False,True,False,False,False,False,True,False,False
1.8,8.0,14.4,6,7,True,False,False,False,False,True,False,False,False,False,True,False,False,False
1.79,8.0,14.32,4,8,False,False,False,False,False,False,False,True,True,False,False,False,False,False
0.74,8.0,5.92,17,6,False,False,False,False,False,False,True,False,False,False,False,False,True,False
2.71,3.0,8.13,6,7,True,False,False,False,True,False,False,False,False,False,True,False,False,False
4.14,2.0,8.28,16,6,False,False,True,False,False,False,False,False,True,False,False,False,False,False
0.9,8.0,7.2,4,7,False,False,False,False,False,False,False,True,False,False,False,False,False,False
1.21,3.0,3.63,23,6,False,False,False,False,True,True,False,False,True,False,False,False,False,False
0.56,8.0,4.48,10,7,False,True,False,False,False,False,True,False,False,False,False,True,False,False
1.84,8.0,14.72,2,7,False,True,False,False,False,False,False,False,False,False,False,False,False,True
4.25,3.0,12.75,8,7,False,False,False,False,True,True,False,False,False,False,False,False,True,False
2.29,2.0,4.58,27,7,True,False,True,False,False,False,False,True,False,False,True,False,False,False
1.76,3.0,5.28,18,6,False,False,False,False,True,False,False,True,False,False,False,False,False,True
4.21,2.0,8.42,7,8,False,True,True,False,False,True,False,False,False,False,False,True,False,False
0.95,3.0,2.85,27,7,False,False,False,False,True,False,True,False,False,False,True,False,False,False
1.22,8.0,9.76,18,6,False,False,False,False,False,False,False,True,False,False,False,False,False,True
3.82,2.0,7.64,8,8,False,True,True,False,False,True,False,False,False,False,False,False,False,False
4.01,2.0,8.02,11,7,True,False,True,False,False,False,True,False,False,False,False,False,False,False
1.15,8.0,9.2,30,6,False,True,False,False,False,False,False,False,True,False,False,False,False,False
4.25,8.0,34.0,30,6,False,True,False,False,False,False,True,False,True,False,False,False,False,False
1.52,2.0,3.04,17,7,False,True,True,False,False,False,True,False,False,False,False,True,False,False
3.56,8.0,28.48,24,6,True,False,False,False,False,False,False,False,False,False,False,False,True,False
3.44,1.5,5.16,18,7,False,True,False,True,False,False,True,False,False,False,False,False,False,False
4.42,3.0,13.26,3,7,True,False,False,False,True,True,False,False,False,False,False,True,False,False
4.82,8.0,38.56,19,7,True,False,False,False,False,False,False,True,False,True,False,False,False,False
1.26,8.0,10.08,31,7,False,False,False,False,False,True,False,False,False,False,False,True,False,False
4.56,8.0,36.48,30,7,False,True,False,False,False,False,False,False,False,False,False,False,False,True
3.7,2.0,7.4,29,6,True,False,True,False,False,True,False,False,False,False,True,False,False,False
4.52,2.0,9.04,22,7,False,True,True,False,False,False,True,False,False,False,False,False,True,False
2.6,2.0,5.2,14,7,False,True,True,False,False,False,False,False,True,False,False,False,False,False
2.73,8.0,21.84,6,7,False,True,False,False,False,False,True,False,False,False,True,False,False,False
2.25,3.0,6.75,22,6,False,False,False,False,True,False,True,False,False,False,True,False,False,False
1.83,3.0,5.49,30,6,False,True,False,False,True,False,False,False,True,False,False,False,False,False
1.55,8.0,12.4,20,7,False,False,False,False,False,False,False,True,False,False,True,False,False,False
1.61,2.0,3.22,29,7,False,False,True,False,False,False,False,True,False,False,False,False,True,False
0.15,8.0,1.2,10,7,False,True,False,False,False,False,False,True,False,False,False,True,False,False
1.46,1.5,2.19,18,7,False,False,False,True,False,False,False,False,False,False,False,False,False,False
2.05,3.0,6.15,27,6,False,True,False,False,True,False,False,False,False,False,False,False,False,False
2.99,8.0,23.92,4,8,True,False,False,False,False,True,False,False,True,False,False,False,False,False
1.1,3.0,3.3,21,7,False,False,False,False,True,False,False,False,True,False,False,False,False,False
1.32,2.0,2.64,27,6,False,True,True,False,False,True,False,False,False,False,False,False,False,False
4.64,1.5,6.96,8,8,True,False,False,True,False,False,True,False,False,False,False,False,False,False
4.43,2.0,8.86,25,7,False,False,True,False,False,False,False,True,False,False,False,False,False,False
4.68,2.0,9.36,20,7,False,True,True,False,False,False,True,False,False,False,True,False,False,False
0.41,3.0,1.23,25,6,True,False,False,False,True,False,True,False,False,False,False,False,False,True
2.32,1.5,3.48,27,6,True,False,False,True,False,False,False,False,False,False,False,False,False,False
1.56,1.5,2.34,6,7,False,True,False,True,False,False,False,True,False,False,True,False,False,False
3.59,3.0,10.77,11,7,False,False,False,False,True,True,False,False,False,False,False,False,False,False
4.99,1.5,7.49,13,6,False,True,False,True,False,False,True,False,False,False,False,False,False,False
3.68,2.0,7.36,19,7,False,True,True,False,False,True,False,False,False,True,False,False,False,False
2.81,3.0,8.43,10,8,True,False,False,False,True,False,True,False,False,False,True,False,False,False
0.15,3.0,0.45,14,7,False,False,False,False,True,False,False,True,True,False,False,False,False,False
1.97,3.0,5.91,23,6,True,False,False,False,True,False,True,False,True,False,False,False,False,False
3.2,3.0,9.6,19,6,False,True,False,False,True,True,False,False,False,False,False,True,False,False
1.67,2.0,3.34,3,7,False,True,True,False,False,False,False,True,False,False,False,True,False,False
0.93,2.0,1.86,9,7,False,True,True,False,False,True,False,False,False,False,False,False,False,True
1.69,3.0,5.07,12,7,False,False,False,False,True,False,False,True,False,True,False,False,False,False
4.63,8.0,37.04,21,6,False,True,False,False,False,False,False,False,False,True,False,False,False,False
2.9,3.0,8.7,2,8,False,True,False,False,True,False,False,True,False,True,False,False,False,False
2.07,8.0,16.56,17,6,True,False,False,False,False,True,False,False,False,False,False,False,True,False
3.54,3.0,10.62,18,6,False,False,False,False,True,True,False,False,False,False,False,False,False,True
4.72,2.0,9.44,27,7,False,False,True,False,False,False,False,False,False,False,True,False,False,False
1.92,3.0,5.76,27,6,False,False,False,False,True,False,False,True,False,False,False,False,False,False
3.34,2.0,6.68,29,7,False,False,True,False,False,True,False,False,False,False,False,False,True,False
0.96,1.5,1.44,17,6,False,False,False,True,False,False,True,False,False,False,False,False,True,False
0.18,8.0,1.44,20,7,True,False,False,False,False,False,False,False,False,False,True,False,False,False
3.43,2.0,6.86,30,6,True,False,True,False,False,False,True,False,True,False,False,False,False,False
1.96,1.5,2.94,2,7,True,False,False,True,False,True,False,False,False,False,False,False,False,True
2.34,1.5,3.51,16,7,False,True,False,True,False,False,False,True,False,False,False,False,False,True
3.83,3.0,11.49,22,7,True,False,False,False,True,False,False,True,False,False,False,False,True,False
3.27,3.0,9.81,14,7,False,False,False,False,True,True,False,False,True,False,False,False,False,False
4.84,2.0,9.68,15,6,False,True,True,False,False,False,False,True,False,False,True,False,False,False
0.57,2.0,1.14,6,8,False,False,True,False,False,False,True,False,False,False,False,False,False,True
4.73,3.0,14.19,30,6,False,False,False,False,True,False,False,True,True,False,False,False,False,False
4.05,8.0,32.4,20,6,False,True,False,False,False,False,False,False,False,False,False,False,False,False
0.33,1.5,0.49,10,7,True,False,False,True,False,False,True,False,False,False,False,True,False,False
4.73,8.0,37.84,9,7,False,True,False,False,False,False,False,True,False,False,False,False,False,True
0.95,8.0,7.6,30,7,False,False,False,False,False,True,False,False,False,False,False,False,False,True
3.9,2.0,7.8,12,6,True,False,True,False,False,True,False,False,False,False,False,True,False,False
0.41,2.0,0.82,15,7,False,True,True,False,False,True,False,False,False,False,False,False,True,False
1.9,2.0,3.8,27,6,False,False,True,False,False,False,True,False,False,False,False,False,False,False
3.43,8.0,27.44,28,6,False,True,False,False,False,False,True,False,False,True,False,False,False,False
4.1,8.0,32.8,23,6,True,False,False,False,False,False,False,True,True,False,False,False,False,False
4.27,1.5,6.4,3,8,False,False,False,True,False,False,True,False,False,False,True,False,False,False
4.76,3.0,14.28,16,6,False,True,False,False,True,False,True,False,True,False,False,False,False,False
3.64,3.0,10.92,3,7,True,False,False,False,True,False,False,False,False,False,False,True,False,False
4.36,3.0,13.08,17,6,False,False,False,False,True,False,False,False,False,False,False,False,True,False
4.97,3.0,14.91,4,8,True,False,False,False,True,False,False,True,True,False,False,False,False,False
1.51,1.5,2.27,10,8,True,False,False,True,False,False,False,False,False,False,True,False,False,False
0.59,8.0,4.72,30,7,True,False,False,False,False,True,False,False,False,False,False,False,False,True
0.52,2.0,1.04,19,6,True,False,True,False,False,False,False,False,False,False,False,True,False,False
2.04,2.0,4.08,20,6,True,False,True,False,False,False,True,False,False,False,False,False,False,False
2.28,2.0,4.56,23,6,False,True,True,False,False,False,False,True,True,False,False,False,False,False
2.14,3.0,6.42,20,7,True,False,False,False,True,False,True,False,False,False,True,False,False,False
4.2,2.0,8.4,8,8,True,False,True,False,False,False,False,True,False,False,False,False,False,False
4.85,1.5,7.27,27,7,False,False,False,True,False,False,True,False,False,False,True,False,False,False
1.58,1.5,2.37,31,7,False,False,False,True,False,False,True,False,False,False,False,True,False,False
2.54,1.5,3.81,9,8,False,False,False,True,False,False,False,False,False,True,False,False,False,False
4.17,3.0,12.51,24,6,False,True,False,False,True,False,False,True,False,False,False,False,True,False
0.57,3.0,1.71,23,7,False,True,False,False,True,False,True,False,False,False,False,False,False,True
3.59,8.0,28.72,23,7,False,True,False,False,False,False,False,False,False,False,False,False,False,True
0.28,8.0,2.24,30,7,True,False,False,False,False,False,False,True,False,False,False,False,False,True
1.08,8.0,8.64,28,6,False,False,False,False,False,True,False,False,False,True,False,False,False,False
4.28,1.5,6.42,18,6,False,False,False,True,False,True,False,False,False,False,False,False,False,True
1.55,1.5,2.33,5,8,True,False,False,True,False,False,False,True,False,False,False,False,True,False
4.79,1.5,7.19,10,8,True,False,False,True,False,True,False,False,False,False,True,False,False,False
3.4,1.5,5.1,8,7,False,False,False,True,False,False,True,False,False,False,False,False,True,False
1.02,8.0,8.16,4,8,False,True,False,False,False,False,False,True,True,False,False,False,False,False
3.35,3.0,10.05,16,6,True,False,False,False,True,True,False,False,True,False,False,False,False,False
3.63,1.5,5.45,22,7,False,True,False,True,False,False,False,False,False,False,False,False,True,False
0.24,3.0,0.72,25,7,False,False,False,False,True,True,False,False,False,False,False,False,False,False
4.92,2.0,9.84,14,7,False,False,True,False,False,False,True,False,True,False,False,False,False,False
3.19,8.0,25.52,5,8,False,False,False,False,False,False,True,False,False,False,False,False,True,False
1.68,3.0,5.04,11,6,False,True,False,False,True,False,False,False,False,False,False,False,False,True
1.9,8.0,15.2,23,6,True,False,False,False,False,True,False,False,True,False,False,False,False,False
2.56,1.5,3.84,24,6,False,True,False,True,False,False,False,False,False,False,False,False,True,False
0.52,2.0,1.04,15,7,True,False,True,False,False,False,True,False,False,False,False,False,True,False
3.5,3.0,10.5,9,8,True,False,False,False,True,False,False,True,False,True,False,False,False,False
2.1,3.0,6.3,13,7,False,True,False,False,True,False,False,True,False,False,True,False,False,False
4.85,2.0,9.7,7,8,True,False,True,False,False,False,False,False,False,False,False,True,False,False
4.49,8.0,35.92,11,7,False,False,False,False,False,False,False,True,False,False,False,False,False,False
3.85,8.0,30.8,16,7,True,False,False,False,False,False,False,False,False,False,False,False,False,True
0.63,3.0,1.89,4,7,False,False,False,False,True,False,False,False,False,False,False,False,False,False
3.92,8.0,31.36,1,8,False,True,False,False,False,False,True,False,False,False,False,False,False,False
1.82,2.0,3.64,26,6,True,False,True,False,False,True,False,False,False,False,False,True,False,False
1.32,1.5,1.98,24,7,False,False,False,True,False,False,False,True,False,False,False,True,False,False
2.36,1.5,3.54,13,7,False,True,False,True,False,True,False,False,False,False,True,False,False,False
4.49,1.5,6.74,25,7,True,False,False,True,False,True,False,False,False,False,False,False,False,False
2.51,3.0,7.53,23,7,False,False,False,False,True,False,False,True,False,False,False,False,False,True
2.2,2.0,4.4,25,6,False,False,True,False,False,False,True,False,False,False,False,False,False,True
2.14,1.5,3.21,5,8,False,False,False,True,False,False,False,False,False,False,False,False,True,False
4.66,2.0,9.32,8,8,True,False,True,False,False,True,False,False,False,False,False,False,False,False
2.12,8.0,16.96,19,7,True,False,False,False,False,True,False,False,False,True,False,False,False,False
2.57,3.0,7.71,9,8,False,True,False,False,True,False,False,False,False,True,False,False,False,False
4.9,1.5,7.35,15,6,False,True,False,True,False,False,True,False,False,False,True,False,False,False
2.11,8.0,16.88,23,6,False,True,False,False,False,False,True,False,True,False,False,False,False,False
4.18,2.0,8.36,18,6,False,True,True,False,False,False,True,False,False,False,False,False,False,True
3.92,1.5,5.88,23,7,True,False,False,True,False,False,True,False,False,False,False,False,False,True
3.97,1.5,5.96,17,6,False,False,False,True,False,False,False,True,False,False,False,False,True,False
1.44,2.0,2.88,12,6,False,False,True,False,False,True,False,False,False,False,False,True,False,False
1.37,1.5,2.06,24,7,False,True,False,True,False,False,False,False,False,False,False,True,False,False
2.48,8.0,19.84,18,7,False,True,False,False,False,False,True,False,False,False,False,False,False,False
0.88,8.0,7.04,18,7,True,False,False,False,False,False,True,False,False,False,False,False,False,False
4.59,2.0,9.18,11,6,False,False,True,False,False,False,False,False,False,False,False,False,False,True
0.14,1.5,0.21,1,8,False,True,False,True,False,False,True,False,False,False,False,False,False,False
3.43,2.0,6.86,11,7,True,False,True,False,False,True,False,False,False,False,False,False,False,False
3.29,2.0,6.58,18,6,False,False,True,False,False,False,True,False,False,False,False,False,False,True
3.25,1.5,4.88,28,6,False,True,False,True,False,True,False,False,False,True,False,False,False,False
0.29,8.0,2.32,5,8,False,True,False,False,False,False,False,True,False,False,False,False,True,False
0.63,8.0,5.04,28,7,False,False,False,False,False,False,False,False,True,False,False,False,False,False
4.81,8.0,38.48,14,7,False,True,False,False,False,False,False,True,True,False,False,False,False,False
4.69,1.5,7.04,6,7,True,False,False,True,False,True,False,False,False,False,True,False,False,False
0.24,1.5,0.36,24,6,False,True,False,True,False,True,False,False,False,False,False,False,True,False
0.68,1.5,1.02,7,8,True,False,False,True,False,False,True,False,False,False,False,True,False,False
4.51,8.0,36.08,22,7,True,False,False,False,False,False,False,True,False,False,False,False,True,False
0.11,2.0,0.22,18,7,False,False,True,False,False,False,True,False,False,False,False,False,False,False
1.93,3.0,5.79,22,7,False,True,False,False,True,True,False,False,False,False,False,False,True,False
2.63,8.0,21.04,1,7,False,False,False,False,False,False,True,False,False,False,False,False,True,False
3.45,2.0,6.9,10,7,False,True,True,False,False,True,False,False,False,False,False,True,False,False
1.96,3.0,5.88,10,7,False,True,False,False,True,False,True,False,False,False,False,True,False,False
3.5,8.0,28.0,2,7,False,True,False,False,False,True,False,False,False,False,False,False,False,True
1.65,1.5,2.47,11,7,True,False,False,True,False,False,False,True,False,False,False,False,False,False
3.27,2.0,6.54,15,6,False,False,True,False,False,False,False,False,False,False,True,False,False,False
0.7,8.0,5.6,27,6,True,False,False,False,False,False,False,False,False,False,False,False,False,False
3.46,3.0,10.38,14,6,False,True,False,False,True,False,False,True,False,True,False,False,False,False
0.31,8.0,2.48,12,6,True,False,False,False,False,True,False,False,False,False,False,True,False,False
0.64,8.0,5.12,1,7,True,False,False,False,False,False,False,True,False,False,False,False,True,False
2.81,3.0,8.43,22,7,True,False,False,False,True,False,False,False,False,False,False,False,True,False
2.5,3.0,7.5,29,7,False,False,False,False,True,False,False,True,False,False,False,False,True,False
2.32,1.5,3.48,18,6,False,False,False,True,False,False,False,True,False,False,False,False,False,True
1.58,2.0,3.16,24,6,True,False,True,False,False,False,False,True,False,False,False,False,True,False
4.14,1.5,6.21,31,7,True,False,False,True,False,False,False,True,False,False,False,True,False,False
4.38,2.0,8.76,13,6,True,False,True,False,False,False,False,False,False,False,False,False,False,False
3.07,2.0,6.14,18,6,False,False,True,False,False,True,False,False,False,False,False,False,False,True
1.73,1.5,2.59,11,6,False,False,False,True,False,True,False,False,False,False,False,False,False,True
0.59,8.0,4.72,3,7,False,True,False,False,False,False,False,False,False,False,False,True,False,False
1.56,1.5,2.34,29,6,False,True,False,True,False,False,True,False,False,False,True,False,False,False
3.74,2.0,7.48,16,7,True,False,True,False,False,False,False,False,False,False,False,False,False,True
1.05,8.0,8.4,30,6,True,False,False,False,False,False,False,False,True,False,False,False,False,False
2.04,8.0,16.32,27,7,False,False,False,False,False,False,False,False,False,False,True,False,False,False
0.36,1.5,0.54,17,6,False,True,False,True,False,False,False,False,False,False,False,False,True,False
2.76,2.0,5.52,27,6,True,False,True,False,False,False,False,True,False,False,False,False,False,False
4.74,8.0,37.92,24,6,False,False,False,False,False,False,False,True,False,False,False,False,True,False
4.24,1.5,6.36,18,6,True,False,False,True,False,False,False,True,False,False,False,False,False,True
4.17,3.0,12.51,16,7,True,False,False,False,True,False,False,True,False,False,False,False,False,True
2.9,8.0,23.2,1,8,False,True,False,False,False,False,False,False,False,False,False,False,False,False
1.43,1.5,2.15,6,8,False,True,False,True,False,True,False,False,False,False,False,False,False,True
1.35,1.5,2.03,4,8,True,False,False,True,False,False,True,False,True,False,False,False,False,False
1.8,1.5,2.7,2,7,True,False,False,True,False,False,False,True,False,False,False,False,False,True
3.07,8.0,24.56,14,6,True,False,False,False,False,False,False,False,False,True,False,False,False,False
3.8,3.0,11.4,19,6,True,False,False,False,True,False,True,False,False,False,False,True,False,False
3.8,3.0,11.4,21,6,False,False,False,False,True,False,False,True,False,True,False,False,False,False
1.83,1.5,2.75,14,6,True,False,False,True,False,True,False,False,False,True,False,False,False,False
3.33,2.0,6.66,9,8,False,False,True,False,False,False,False,False,False,True,False,False,False,False
3.73,8.0,29.84,7,7,False,False,False,False,False,True,False,False,True,False,False,False,False,False
3.22,2.0,6.44,14,6,True,False,True,False,False,False,True,False,False,True,False,False,False,False
0.72,1.5,1.08,17,7,True,False,False,True,False,False,False,False,False,False,False,True,False,False
4.21,3.0,12.63,26,7,False,False,False,False,True,False,True,False,False,True,False,False,False,False
2.0,2.0,4.0,30,7,False,True,True,False,False,True,False,False,False,False,False,False,False,True
3.07,8.0,24.56,5,7,False,False,False,False,False,False,True,False,False,True,False,False,False,False
4.91,3.0,14.73,9,8,True,False,False,False,True,False,True,False,False,True,False,False,False,False
1.8,3.0,5.4,27,6,True,False,False,False,True,False,True,False,False,False,False,False,False,False
2.12,2.0,4.24,9,7,True,False,True,False,False,False,False,False,False,False,False,False,False,True
2.15,8.0,17.2,9,7,False,False,False,False,False,True,False,False,False,False,False,False,False,True
0.48,3.0,1.44,5,7,False,True,False,False,True,True,False,False,False,True,False,False,False,False
0.83,1.5,1.24,30,7,False,True,False,True,False,False,False,True,False,False,False,False,False,True
0.7,1.5,1.05,16,6,True,False,False,True,False,False,False,False,True,False,False,False,False,False
3.83,8.0,30.64,21,6,False,False,False,False,False,False,True,False,False,True,False,False,False,False
3.57,2.0,7.14,13,7,False,True,True,False,False,False,True,False,False,False,True,False,False,False
3.85,3.0,11.55,6,7,False,False,False,False,True,False,True,False,False,False,True,False,False,False
4.94,3.0,14.82,25,6,False,True,False,False,True,False,False,False,False,False,False,False,False,True
1.42,8.0,11.36,29,7,False,True,False,False,False,False,True,False,False,False,False,False,True,False
2.13,1.5,3.19,3,7,False,False,False,True,False,False,False,True,False,False,False,True,False,False
2.0,1.5,3.0,25,7,True,False,False,True,False,False,False,False,False,False,False,False,False,False
1.7,8.0,13.6,22,7,True,False,False,False,False,False,False,False,False,False,False,False,True,False
4.37,3.0,13.11,13,6,False,True,False,False,True,True,False,False,False,False,False,False,False,False
3.48,3.0,10.44,20,7,False,False,False,False,True,True,False,False,False,False,True,False,False,False
3.55,1.5,5.32,7,7,False,False,False,True,False,False,False,False,True,False,False,False,False,False
0.2,8.0,1.6,16,6,True,False,False,False,False,False,True,False,True,False,False,False,False,False
4.76,2.0,9.52,28,7,False,True,True,False,False,True,False,False,True,False,False,False,False,False
0.79,1.5,1.19,19,7,True,False,False,True,False,False,False,True,False,True,False,False,False,False
0.13,1.5,0.2,3,7,False,True,False,True,False,False,False,False,False,False,False,True,False,False
2.88,8.0,23.04,4,7,False,False,False,False,False,False,False,False,False,False,False,False,False,False
1.97,2.0,3.94,12,7,False,True,True,False,False,False,True,False,False,True,False,False,False,False
3.55,3.0,10.65,19,7,False,False,False,False,True,True,False,False,False,True,False,False,False,False
1.27,2.0,2.54,17,6,False,True,True,False,False,False,False,False,False,False,False,False,True,False
4.07,8.0,32.56,17,7,False,False,False,False,False,False,True,False,False,False,False,True,False,False
2.51,8.0,20.08,31,7,False,False,False,False,False,False,False,True,False,False,False,True,False,False
1.32,2.0,2.64,7,8,False,True,True,False,False,False,False,False,False,False,False,True,False,False
2.17,1.5,3.25,22,6,True,False,False,True,False,False,False,True,False,False,True,False,False,False
3.13,3.0,9.39,25,7,False,False,False,False,True,False,False,True,False,False,False,False,False,False
4.47,2.0,8.94,2,8,False,False,True,False,False,False,False,True,False,True,False,False,False,False
4.46,8.0,35.68,3,8,False,True,False,False,False,False,False,False,False,False,True,False,False,False
0.21,2.0,0.42,24,7,True,False,True,False,False,False,True,False,False,False,False,True,False,False
2.53,3.0,7.59,7,7,False,True,False,False,True,False,False,True,True,False,False,False,False,False
0.92,8.0,7.36,21,7,False,True,False,False,False,False,False,True,True,False,False,False,False,False
1.42,2.0,2.84,21,7,True,False,True,False,False,False,False,False,True,False,False,False,False,False
2.88,3.0,8.64,23,7,False,True,False,False,True,False,False,True,False,False,False,False,False,True
4.24,8.0,33.92,24,6,False,False,False,False,False,True,False,False,False,False,False,False,True,False
2.83,8.0,22.64,2,7,False,True,False,False,False,False,True,False,False,False,False,False,False,True
0.44,3.0,1.32,16,6,True,False,False,False,True,False,False,True,True,False,False,False,False,False
0.39,8.0,3.12,25,7,True,False,False,False,False,False,True,False,False,False,False,False,False,False
3.34,2.0,6.68,17,6,False,False,True,False,False,False,False,True,False,False,False,False,True,False
2.08,2.0,4.16,7,8,True,False,True,False,False,True,False,False,False,False,False,True,False,False
1.96,2.0,3.92,5,8,False,False,True,False,False,True,False,False,False,False,False,False,True,False
4.68,8.0,37.44,12,6,False,True,False,False,False,False,False,False,False,False,False,True,False,False
4.1,3.0,12.3,26,7,False,False,False,False,True,False,False,False,False,True,False,False,False,False
3.46,3.0,10.38,29,6,False,True,False,False,True,False,True,False,False,False,True,False,False,False
3.32,8.0,26.56,8,8,False,True,False,False,False,False,False,False,False,False,False,False,False,False
2.04,8.0,16.32,25,7,False,False,False,False,False,True,False,False,False,False,False,False,False,False
4.13,3.0,12.39,15,6,True,False,False,False,True,True,False,False,False,False,True,False,False,False
0.84,1.5,1.26,21,6,False,True,False,True,False,True,False,False,False,True,False,False,False,False
1.69,3.0,5.07,4,7,False,True,False,False,True,False,False,True,False,False,False,False,False,False
0.8,2.0,1.6,7,7,False,True,True,False,False,True,False,False,True,False,False,False,False,False
1.19,1.5,1.78,27,7,False,False,False,True,False,False,False,True,False,False,True,False,False,False
3.55,1.5,5.32,4,7,True,False,False,True,False,False,False,True,False,False,False,False,False,False
4.75,2.0,9.5,1,7,True,False,True,False,False,False,False,True,False,False,False,False,True,False
4.13,2.0,8.26,28,6,False,True,True,False,False,True,False,False,False,True,False,False,False,False
4.19,1.5,6.29,11,7,False,False,False,True,False,False,True,False,False,False,False,False,False,False
3.63,3.0,10.89,18,6,True,False,False,False,True,True,False,False,False,False,False,False,False,True
3.55,8.0,28.4,5,7,False,True,False,False,False,True,False,False,False,True,False,False,False,False
1.55,2.0,3.1,5,8,False,True,True,False,False,False,False,True,False,False,False,False,True,False
1.98,8.0,15.84,16,7,False,False,False,False,False,False,False,False,False,False,False,False,False,True
4.82,8.0,38.56,16,7,False,True,False,False,False,False,False,False,False,False,False,False,False,True
1.43,2.0,2.86,22,7,False,True,True,False,False,True,False,False,False,False,False,False,True,False
3.34,1.5,5.01,26,6,False,True,False,True,False,False,False,True,False,False,False,True,False,False
2.26,1.5,3.39,13,6,False,False,False,True,False,False,False,False,False,False,False,False,False,False
3.51,1.5,5.26,14,7,True,False,False,True,False,True,False,False,True,False,False,False,False,False
2.56,3.0,7.68,29,6,False,False,False,False,True,False,False,False,False,False,True,False,False,False
0.57,3.0,1.71,29,6,True,False,False,False,True,False,False,True,False,False,True,False,False,False
4.49,1.5,6.74,13,7,True,False,False,True,False,False,False,True,False,False,True,False,False,False
0.4,8.0,3.2,22,6,False,False,False,False,False,False,False,False,False,False,True,False,False,False
2.24,2.0,4.48,24,6,False,False,True,False,False,False,False,True,False,False,False,False,True,False
3.14,8.0,25.12,14,6,True,False,False,False,False,False,True,False,False,True,False,False,False,False
4.27,8.0,34.16,4,7,False,False,False,False,False,False,True,False,False,False,False,False,False,False
2.47,2.0,4.94,14,7,True,False,True,False,False,True,False,False,True,False,False,False,False,False
0.35,1.5,0.52,30,6,False,True,False,True,False,False,False,False,True,False,False,False,False,False
0.57,3.0,1.71,7,8,False,False,False,False,True,False,False,True,False,False,False,True,False,False
3.05,2.0,6.1,27,7,False,True,True,False,False,False,False,True,False,False,True,False,False,False
1.53,2.0,3.06,13,7,False,False,True,False,False,False,True,False,False,False,True,False,False,False
2.64,3.0,7.92,20,7,False,False,False,False,True,False,True,False,False,False,True,False,False,False
2.3,1.5,3.45,23,6,False,True,False,True,False,False,False,True,True,False,False,False,False,False
1.52,2.0,3.04,7,7,False,False,True,False,False,False,False,True,True,False,False,False,False,False
4.04,1.5,6.06,14,6,False,False,False,True,False,True,False,False,False,True,False,False,False,False
4.68,3.0,14.04,6,7,False,False,False,False,True,True,False,False,False,False,True,False,False,False
2.32,1.5,3.48,24,7,False,True,False,True,False,True,False,False,False,False,False,True,False,False
1.73,1.5,2.59,26,6,False,False,False,True,False,False,True,False,False,False,False,True,False,False
0.68,3.0,2.04,15,7,True,False,False,False,True,False,True,False,False,False,False,False,True,False
3.0,3.0,9.0,13,7,False,True,False,False,True,False,False,False,False,False,True,False,False,False
1.39,2.0,2.78,5,8,False,True,True,False,False,False,True,False,False,False,False,False,True,False
3.32,1.5,4.98,11,6,False,True,False,True,False,True,False,False,False,False,False,False,False,True
4.11,2.0,8.22,13,7,False,True,True,False,False,False,False,True,False,False,True,False,False,False
3.23,3.0,9.69,14,6,False,False,False,False,True,False,False,True,False,True,False,False,False,False
3.21,8.0,25.68,28,6,True,False,False,False,False,False,False,True,False,True,False,False,False,False
4.88,3.0,14.64,29,6,True,False,False,False,True,True,False,False,False,False,True,False,False,False
1.18,2.0,2.36,9,7,False,False,True,False,False,False,False,False,False,False,False,False,False,True
0.74,1.5,1.11,26,7,True,False,False,True,False,False,False,False,False,True,False,False,False,False
0.96,2.0,1.92,20,6,False,False,True,False,False,False,False,True,False,False,False,False,False,False
1.08,8.0,8.64,9,8,True,False,False,False,False,True,False,False,False,True,False,False,False,False
2.7,2.0,5.4,9,8,False,False,True,False,False,True,False,False,False,True,False,False,False,False
2.54,1.5,3.81,30,6,False,False,False,True,False,False,True,False,True,False,False,False,False,False
4.21,2.0,8.42,10,8,False,True,True,False,False,True,False,False,False,False,True,False,False,False
4.95,2.0,9.9,24,7,False,True,True,False,False,True,False,False,False,False,False,True,False,False
2.43,1.5,3.65,17,6,False,True,False,True,False,True,False,False,False,False,False,False,True,False
0.42,2.0,0.84,22,6,False,True,True,False,False,True,False,False,False,False,True,False,False,False
2.44,2.0,4.88,19,7,False,False,True,False,False,False,True,False,False,True,False,False,False,False
0.39,3.0,1.17,9,7,False,True,False,False,True,False,True,False,False,False,False,False,False,True
0.95,3.0,2.85,17,6,False,True,False,False,True,False,False,False,False,False,False,False,True,False
3.85,1.5,5.78,16,6,True,False,False,True,False,False,False,True,True,False,False,False,False,False
3.21,3.0,9.63,25,6,False,True,False,False,True,True,False,False,False,False,False,False,False,True
3.73,2.0,7.46,17,6,False,True,True,False,False,True,False,False,False,False,False,False,True,False
4.85,8.0,38.8,28,7,False,False,False,False,False,True,False,False,True,False,False,False,False,False
1.67,8.0,13.36,26,6,False,True,False,False,False,False,False,True,False,False,False,True,False,False
1.64,3.0,4.92,11,7,False,False,False,False,True,False,False,False,False,False,False,False,False,False
1.41,2.0,2.82,29,6,True,False,True,False,False,False,False,True,False,False,True,False,False,False
3.41,8.0,27.28,17,7,True,False,False,False,False,False,True,False,False,False,False,True,False,False
2.77,8.0,22.16,29,7,False,True,False,False,False,False,False,False,False,False,False,False,True,False
4.68,2.0,9.36,6,7,False,False,True,False,False,True,False,False,False,False,True,False,False,False
3.42,8.0,27.36,6,8,True,False,False,False,False,True,False,False,False,False,False,False,False,True
1.71,3.0,5.13,1,7,False,False,False,False,True,False,True,False,False,False,False,False,True,False
4.73,8.0,37.84,11,6,False,False,False,False,False,False,False,True,False,False,False,False,False,True
4.23,8.0,33.84,29,6,False,False,False,False,False,False,True,False,False,False,True,False,False,False
4.24,2.0,8.48,27,6,True,False,True,False,False,False,True,False,False,False,False,False,False,False
0.48,3.0,1.44,21,6,True,False,False,False,True,False,False,False,False,True,False,False,False,False
3.42,8.0,27.36,30,7,False,False,False,False,False,False,False,False,False,False,False,False,False,True
1.15,8.0,9.2,19,6,False,True,False,False,False,False,True,False,False,False,False,True,False,False
4.05,3.0,12.15,26,7,False,False,False,False,True,False,False,True,False,True,False,False,False,False
4.44,1.5,6.66,27,7,True,False,False,True,False,False,True,False,False,False,True,False,False,False
1.19,2.0,2.38,6,7,False,True,True,False,False,False,False,True,False,False,True,False,False,False
2.56,8.0,20.48,4,7,True,False,False,False,False,False,False,True,False,False,False,False,False,False
2.57,1.5,3.85,7,7,False,False,False,True,False,False,True,False,True,False,False,False,False,False
2.87,3.0,8.61,10,7,True,False,False,False,True,False,False,False,False,False,False,True,False,False
0.63,3.0,1.89,18,6,True,False,False,False,True,False,False,True,False,False,False,False,False,True
2.0,3.0,6.0,10,8,True,False,False,False,True,True,False,False,False,False,True,False,False,False
1.47,2.0,2.94,25,7,False,True,True,False,False,True,False,False,False,False,False,False,False,False
4.18,2.0,8.36,31,7,True,False,True,False,False,False,True,False,False,False,False,True,False,False
0.4,2.0,0.8,7,7,False,True,True,False,False,False,True,False,True,False,False,False,False,False
3.65,2.0,7.3,22,6,False,True,True,False,False,False,True,False,False,False,True,False,False,False
1.89,3.0,5.67,15,6,False,True,False,False,True,False,False,True,False,False,True,False,False,False
4.61,2.0,9.22,3,7,True,False,True,False,False,False,True,False,False,False,False,True,False,False
2.59,3.0,7.77,2,8,True,False,False,False,True,True,False,False,False,True,False,False,False,False
3.38,2.0,6.76,11,6,False,False,True,False,False,False,True,False,False,False,False,False,False,True
2.55,1.5,3.82,10,7,False,True,False,True,False,False,False,True,False,False,False,True,False,False
4.73,2.0,9.46,17,6,False,True,True,False,False,False,False,True,False,False,False,False,True,False
0.66,1.5,0.99,19,6,True,False,False,True,False,False,True,False,False,False,False,True,False,False
2.45,1.5,3.68,13,7,True,False,False,True,False,True,False,False,False,False,True,False,False,False
0.86,8.0,6.88,13,6,False,False,False,False,False,False,True,False,False,False,False,False,False,False
1.1,1.5,1.65,8,7,False,False,False,True,False,False,False,False,False,False,False,False,True,False
0.13,2.0,0.26,23,7,False,False,True,False,False,False,False,False,False,False,False,False,False,True
3.19,8.0,25.52,13,6,False,True,False,False,False,False,True,False,False,False,False,False,False,False
0.94,2.0,1.88,29,7,False,False,True,False,False,False,True,False,False,False,False,False,True,False
2.33,8.0,18.64,8,8,False,False,False,False,False,False,False,True,False,False,False,False,False,False
2.35,2.0,4.7,18,7,False,False,True,False,False,False,False,True,False,False,False,False,False,False
4.22,2.0,8.44,2,8,True,False,True,False,False,False,True,False,False,True,False,False,False,False
4.89,8.0,39.12,10,7,False,False,False,False,False,False,False,False,False,False,False,True,False,False
1.65,1.5,2.47,13,6,False,True,False,True,False,False,False,False,False,False,False,False,False,False
4.27,2.0,8.54,31,7,True,False,True,False,False,True,False,False,False,False,False,True,False,False
2.32,8.0,18.56,5,7,True,False,False,False,False,True,False,False,False,True,False,False,False,False
3.09,3.0,9.27,8,8,True,False,False,False,True,False,False,False,False,False,False,False,False,False
4.83,2.0,9.66,8,8,False,True,True,False,False,False,True,False,False,False,False,False,False,False
4.25,8.0,34.0,10,8,False,False,False,False,False,False,True,False,False,False,True,False,False,False
0.52,3.0,1.56,12,7,False,True,False,False,True,False,False,False,False,True,False,False,False,False
1.64,3.0,4.92,16,7,False,False,False,False,True,False,True,False,False,False,False,False,False,True
2.34,2.0,4.68,25,6,False,False,True,False,False,False,False,False,False,False,False,False,False,True
0.82,8.0,6.56,9,7,False,False,False,False,False,False,False,False,False,False,False,False,False,True
1.67,3.0,5.01,13,7,False,False,False,False,True,False,False,False,False,False,True,False,False,False
1.75,1.5,2.62,23,6,False,False,False,True,False,False,False,True,True,False,False,False,False,False
4.79,8.0,38.32,8,7,False,True,False,False,False,True,False,False,False,False,False,False,True,False
2.47,2.0,4.94,29,6,False,True,True,False,False,False,True,False,False,False,True,False,False,False
4.06,1.5,6.09,15,7,False,True,False,True,False,False,False,False,False,False,False,False,True,False
1.66,1.5,2.49,7,7,True,False,False,True,False,False,False,False,True,False,False,False,False,False
1.11,8.0,8.88,17,7,False,True,False,False,False,False,False,False,False,False,False,True,False,False
0.66,8.0,5.28,15,6,False,True,False,False,False,True,False,False,False,False,True,False,False,False
4.24,1.5,6.36,26,7,False,False,False,True,False,False,True,False,False,True,False,False,False,False
4.02,2.0,8.04,23,7,True,False,True,False,False,True,False,False,False,False,False,False,False,True
2.51,2.0,5.02,27,6,True,False,True,False,False,False,False,False,False,False,False,False,False,False
4.87,3.0,14.61,31,7,False,True,False,False,True,False,False,False,False,False,False,True,False,False
4.35,2.0,8.7,10,7,True,False,True,False,False,False,True,False,False,False,False,True,False,False
3.11,8.0,24.88,28,7,False,True,False,False,False,False,False,True,True,False,False,False,False,False
0.17,8.0,1.36,4,8,False,False,False,False,False,True,False,False,True,False,False,False,False,False
2.42,3.0,7.26,5,8,False,False,False,False,True,True,False,False,False,False,False,False,True,False
2.05,8.0,16.4,16,6,True,False,False,False,False,False,False,False,True,False,False,False,False,False
4.99,1.5,7.49,12,6,False,True,False,True,False,True,False,False,False,False,False,True,False,False
3.5,2.0,7.0,16,7,False,False,True,False,False,True,False,False,False,False,False,False,False,True
0.54,1.5,0.81,3,7,False,True,False,True,False,False,False,True,False,False,False,True,False,False
4.65,3.0,13.95,19,6,False,False,False,False,True,False,True,False,False,False,False,True,False,False
0.77,1.5,1.16,23,6,False,False,False,True,False,True,False,False,True,False,False,False,False,False
1.38,3.0,4.14,23,7,True,False,False,False,True,False,False,False,False,False,False,False,False,True
0.52,3.0,1.56,21,7,False,False,False,False,True,False,False,True,True,False,False,False,False,False
3.16,2.0,6.32,21,6,False,True,True,False,False,True,False,False,False,True,False,False,False,False
0.75,8.0,6.0,20,7,False,True,False,False,False,False,True,False,False,False,True,False,False,False
4.44,1.5,6.66,27,7,True,False,False,True,False,True,False,False,False,False,True,False,False,False
3.72,2.0,7.44,10,8,False,True,True,False,False,False,False,True,False,False,True,False,False,False
1.99,1.5,2.98,7,8,False,True,False,True,False,False,False,False,False,False,False,True,False,False
0.36,8.0,2.88,11,7,False,True,False,False,False,True,False,False,False,False,False,False,False,False
1.0,2.0,2.0,15,7,False,False,True,False,False,False,True,False,False,False,False,False,True,False
4.58,8.0,36.64,15,6,False,False,False,False,False,False,False,True,False,False,True,False,False,False
1.9,8.0,15.2,26,6,False,False,False,False,False,False,False,True,False,False,False,True,False,False
2.69,8.0,21.52,10,7,True,False,False,False,False,True,False,False,False,False,False,True,False,False
1.68,3.0,5.04,21,6,True,False,False,False,True,False,False,True,False,True,False,False,False,False
2.92,1.5,4.38,13,7,False,False,False,True,False,False,True,False,False,False,True,False,False,False
1.63,3.0,4.89,29,6,True,False,False,False,True,False,False,False,False,False,True,False,False,False
1.82,8.0,14.56,18,6,True,False,False,False,False,False,True,False,False,False,False,False,False,True
4.07,3.0,12.21,14,7,True,False,False,False,True,False,True,False,True,False,False,False,False,False
4.98,8.0,39.84,4,8,False,True,False,False,False,False,True,False,True,False,False,False,False,False
1.36,8.0,10.88,9,7,False,False,False,False,False,False,False,True,False,False,False,False,False,True
2.91,3.0,8.73,19,6,False,False,False,False,True,False,False,False,False,False,False,True,False,False
1.55,3.0,4.65,15,6,False,False,False,False,True,True,False,False,False,False,True,False,False,False
4.78,3.0,14.34,2,7,True,False,False,False,True,False,True,False,False,False,False,False,False,True
0.28,3.0,0.84,23,6,False,False,False,False,True,False,False,True,True,False,False,False,False,False
2.37,1.5,3.56,21,6,True,False,False,True,False,True,False,False,False,True,False,False,False,False
3.12,3.0,9.36,20,7,True,False,False,False,True,False,False,True,False,False,True,False,False,False
1.49,8.0,11.92,19,6,True,False,False,False,False,False,False,True,False,False,False,True,False,False
4.82,1.5,7.23,3,7,False,True,False,True,False,False,True,False,False,False,False,True,False,False
1.36,1.5,2.04,15,6,False,False,False,True,False,False,False,True,False,False,True,False,False,False
0.97,1.5,1.46,21,6,False,False,False,True,False,False,True,False,False,True,False,False,False,False
0.97,1.5,1.46,9,8,False,False,False,True,False,False,True,False,False,True,False,False,False,False
2.0,2.0,4.0,27,6,False,True,True,False,False,False,True,False,False,False,False,False,False,False
1.14,8.0,9.12,31,7,False,True,False,False,False,False,True,False,False,False,False,True,False,False
0.55,3.0,1.65,5,7,True,False,False,False,True,False,False,False,False,True,False,False,False,False
2.96,8.0,23.68,5,7,True,False,False,False,False,False,False,False,False,True,False,False,False,False
2.34,8.0,18.72,15,7,False,True,False,False,False,False,True,False,False,False,False,False,True,False
3.05,3.0,9.15,1,8,False,True,False,False,True,False,False,True,False,False,False,False,False,False
1.24,1.5,1.86,12,6,True,False,False,True,False,False,False,False,False,False,False,True,False,False
1.08,3.0,3.24,29,7,False,False,False,False,True,True,False,False,False,False,False,False,True,False
4.01,2.0,8.02,26,7,False,False,True,False,False,False,True,False,False,True,False,False,False,False
2.08,2.0,4.16,11,6,False,True,True,False,False,True,False,False,False,False,False,False,False,True
3.93,3.0,11.79,10,8,True,False,False,False,True,False,False,True,False,False,True,False,False,False
1.56,2.0,3.12,2,8,False,False,True,False,False,True,False,False,False,True,False,False,False,False
3.46,3.0,10.38,19,7,True,False,False,False,True,True,False,False,False,True,False,False,False,False
3.7,2.0,7.4,4,8,True,False,True,False,False,True,False,False,True,False,False,False,False,False
2.04,8.0,16.32,19,7,False,False,False,False,False,False,False,False,False,True,False,False,False,False
4.95,8.0,39.6,1,7,False,False,False,False,False,False,False,True,False,False,False,False,True,False
2.99,1.5,4.49,6,8,True,False,False,True,False,False,False,False,False,False,False,False,False,True
3.23,1.5,4.84,29,6,False,True,False,True,False,False,False,False,False,False,True,False,False,False
2.05,3.0,6.15,3,7,True,False,False,False,True,False,True,False,False,False,False,True,False,False
1.27,2.0,2.54,27,7,True,False,True,False,False,True,False,False,False,False,True,False,False,False
2.37,2.0,4.74,6,8,False,False,True,False,False,False,False,False,False,False,False,False,False,True
1.52,3.0,4.56,29,6,False,True,False,False,True,True,False,False,False,False,True,False,False,False
2.64,8.0,21.12,14,7,False,True,False,False,False,False,False,False,True,False,False,False,False,False
4.36,2.0,8.72,31,7,False,True,True,False,False,False,False,False,False,False,False,True,False,False
0.92,3.0,2.76,16,7,False,True,False,False,True,False,False,True,False,False,False,False,False,True
0.2,2.0,0.4,1,8,False,True,True,False,False,False,True,False,False,False,False,False,False,False
3.12,8.0,24.96,9,7,True,False,False,False,False,False,True,False,False,False,False,False,False,True
0.93,2.0,1.86,3,8,True,False,True,False,False,False,True,False,False,False,True,False,False,False
3.58,3.0,10.74,20,6,False,True,False,False,True,False,True,False,False,False,False,False,False,False
4.57,2.0,9.14,1,8,False,True,True,False,False,False,False,True,False,False,False,False,False,False
2.33,3.0,6.99,12,6,False,True,False,False,True,False,False,True,False,False,False,True,False,False
3.68,8.0,29.44,9,8,False,False,False,False,False,False,False,True,False,True,False,False,False,False
2.27,2.0,4.54,3,7,False,False,True,False,False,False,False,False,False,False,False,True,False,False
1.66,3.0,4.98,29,6,True,False,False,False,True,False,True,False,False,False,True,False,False,False
2.22,1.5,3.33,11,7,True,False,False,True,False,False,False,False,False,False,False,False,False,False
0.8,1.5,1.2,30,7,True,False,False,True,False,False,False,True,False,False,False,False,False,True
1.9,1.5,2.85,4,8,True,False,False,True,False,True,False,False,True,False,False,False,False,False
3.32,2.0,6.64,18,6,True,False,True,False,False,False,False,True,False,False,False,False,False,True
4.51,1.5,6.76,29,7,True,False,False,True,False,False,False,True,False,False,False,False,True,False
2.14,2.0,4.28,14,7,False,True,True,False,False,False,False,True,True,False,False,False,False,False
0.6,8.0,4.8,19,7,False,True,False,False,False,True,False,False,False,True,False,False,False,False
3.9,1.5,5.85,25,6,True,False,False,True,False,False,True,False,False,False,False,False,False,True
3.01,2.0,6.02,28,7,False,True,True,False,False,False,False,True,True,False,False,False,False,False
4.88,3.0,14.64,25,6,False,False,False,False,True,False,False,True,False,False,False,False,False,True
0.63,8.0,5.04,2,8,False,False,False,False,False,True,False,False,False,True,False,False,False,False
1.69,8.0,13.52,17,6,False,True,False,False,False,False,False,False,False,False,False,False,True,False
2.46,8.0,19.68,15,6,False,True,False,False,False,False,False,False,False,False,True,False,False,False
4.56,3.0,13.68,10,7,False,False,False,False,True,True,False,False,False,False,False,True,False,False
4.59,1.5,6.88,26,7,False,False,False,True,False,False,False,False,False,True,False,False,False,False
0.26,2.0,0.52,10,8,False,True,True,False,False,False,True,False,False,False,True,False,False,False
1.86,1.5,2.79,12,7,False,False,False,True,False,False,False,False,False,True,False,False,False,False
3.17,8.0,25.36,29,6,False,True,False,False,False,True,False,False,False,False,True,False,False,False
2.13,3.0,6.39,30,7,False,True,False,False,True,False,False,True,False,False,False,False,False,True
1.7,8.0,13.6,30,6,False,False,False,False,False,True,False,False,True,False,False,False,False,False
3.48,8.0,27.84,1,8,False,False,False,False,False,False,False,True,False,False,False,False,False,False
3.49,1.5,5.24,13,7,False,True,False,True,False,False,True,False,False,False,True,False,False,False
4.53,1.5,6.79,14,6,True,False,False,True,False,False,False,True,False,True,False,False,False,False
2.6,1.5,3.9,20,7,False,False,False,True,False,False,True,False,False,False,True,False,False,False
3.4,8.0,27.2,7,7,False,True,False,False,False,False,False,False,True,False,False,False,False,False
4.11,1.5,6.17,21,6,False,False,False,True,False,False,False,False,False,True,False,False,False,False
4.34,1.5,6.51,30,6,False,False,False,True,False,False,False,False,True,False,False,False,False,False
4.24,1.5,6.36,2,8,True,False,False,True,False,True,False,False,False,True,False,False,False,False
2.33,8.0,18.64,16,6,True,False,False,False,False,True,False,False,True,False,False,False,False,False
3.47,2.0,6.94,1,7,False,True,True,False,False,False,False,True,False,False,False,False,True,False
2.76,2.0,5.52,9,7,False,True,True,False,False,False,True,False,False,False,False,False,False,True
1.7,1.5,2.55,18,7,False,False,False,True,False,True,False,False,False,False,False,False,False,False
2.33,3.0,6.99,14,7,True,False,False,False,True,False,False,False,True,False,False,False,False,False
3.72,1.5,5.58,22,6,True,False,False,True,False,False,True,False,False,False,True,False,False,False
3.9,8.0,31.2,1,7,True,False,False,False,False,False,False,False,False,False,False,False,True,False
1.71,8.0,13.68,24,7,False,False,False,False,False,False,False,True,False,False,False,True,False,False
3.64,3.0,10.92,19,7,True,False,False,False,True,False,False,False,False,True,False,False,False,False
4.24,8.0,33.92,23,6,False,False,False,False,False,False,True,False,True,False,False,False,False,False
3.18,2.0,6.36,20,7,True,False,True,False,False,False,True,False,False,False,True,False,False,False
1.63,8.0,13.04,10,8,True,False,False,False,False,False,True,False,False,False,True,False,False,False
0.4,8.0,3.2,20,7,True,False,False,False,False,True,False,False,False,False,True,False,False,False
4.54,3.0,13.62,25,6,False,False,False,False,True,False,False,False,False,False,False,False,False,True
3.42,8.0,27.36,14,7,False,False,False,False,False,False,True,False,True,False,False,False,False,False
3.58,1.5,5.37,28,6,True,False,False,True,False,True,False,False,False,True,False,False,False,False
2.55,1.5,3.82,20,6,False,False,False,True,False,False,False,True,False,False,False,False,False,False
2.61,3.0,7.83,8,7,True,False,False,False,True,True,False,False,False,False,False,False,True,False
1.29,8.0,10.32,13,7,True,False,False,False,False,False,False,False,False,False,True,False,False,False
1.06,8.0,8.48,12,7,True,False,False,False,False,True,False,False,False,True,False,False,False,False
1.58,3.0,4.74,5,8,False,False,False,False,True,False,True,False,False,False,False,False,True,False
4.14,3.0,12.42,4,8,False,True,False,False,True,False,False,False,True,False,False,False,False,False
4.14,3.0,12.42,31,7,False,True,False,False,True,False,True,False,False,False,False,True,False,False
0.79,2.0,1.58,14,7,True,False,True,False,False,False,False,False,True,False,False,False,False,False
0.73,3.0,2.19,4,8,False,False,False,False,True,False,False,True,True,False,False,False,False,False
1.11,1.5,1.67,6,7,True,False,False,True,False,False,False,True,False,False,True,False,False,False
0.11,3.0,0.33,17,6,False,False,False,False,True,True,False,False,False,False,False,False,True,False
4.19,2.0,8.38,23,6,False,False,True,False,False,False,False,True,True,False,False,False,False,False
3.39,8.0,27.12,7,7,True,False,False,False,False,False,False,False,True,False,False,False,False,False
4.91,8.0,39.28,8,7,True,False,False,False,False,False,True,False,False,False,False,False,True,False
3.9,8.0,31.2,16,7,True,False,False,False,False,True,False,False,False,False,False,False,False,True
4.58,2.0,9.16,8,7,True,False,True,False,False,False,False,True,False,False,False,False,True,False
1.09,3.0,3.27,26,7,True,False,False,False,True,False,False,False,False,True,False,False,False,False
1.44,8.0,11.52,19,6,True,False,False,False,False,False,True,False,False,False,False,True,False,False
2.57,3.0,7.71,22,6,False,False,False,False,True,True,False,False,False,False,True,False,False,False
3.6,3.0,10.8,2,7,True,False,False,False,True,False,False,True,False,False,False,False,False,True
3.43,2.0,6.86,17,7,False,True,True,False,False,False,False,True,False,False,False,True,False,False
1.32,3.0,3.96,31,7,True,False,False,False,True,False,True,False,False,False,False,True,False,False
0.85,2.0,1.7,29,7,False,False,True,False,False,False,False,False,False,False,False,False,True,False
0.33,2.0,0.66,13,6,True,False,True,False,False,True,False,False,False,False,False,False,False,False
2.3,3.0,6.9,17,7,False,False,False,False,True,False,False,False,False,False,False,True,False,False
4.13,3.0,12.39,16,7,True,False,False,False,True,True,False,False,False,False,False,False,False,True
4.21,2.0,8.42,23,7,False,False,True,False,False,True,False,False,False,False,False,False,False,True
1.98,8.0,15.84,4,8,False,False,False,False,False,False,False,False,True,False,False,False,False,False
3.97,3.0,11.91,20,7,True,False,False,False,True,True,False,False,False,False,True,False,False,False
4.89,3.0,14.67,20,7,False,True,False,False,True,True,False,False,False,False,True,False,False,False
1.73,2.0,3.46,22,6,False,True,True,False,False,False,False,True,False,False,True,False,False,False
2.01,8.0,16.08,21,7,False,False,False,False,False,True,False,False,True,False,False,False,False,False
0.62,1.5,0.93,10,7,False,False,False,True,False,True,False,False,False,False,False,True,False,False
3.02,3.0,9.06,4,8,False,True,False,False,True,True,False,False,True,False,False,False,False,False
4.16,3.0,12.48,22,6,True,False,False,False,True,False,True,False,False,False,True,False,False,False
2.14,2.0,4.28,18,6,False,True,True,False,False,False,False,False,False,False,False,False,False,True
4.12,1.5,6.18,12,6,True,False,False,True,False,False,True,False,False,False,False,True,False,False
3.76,3.0,11.28,10,8,False,False,False,False,True,True,False,False,False,False,True,False,False,False
2.11,1.5,3.17,1,8,False,True,False,True,False,True,False,False,False,False,False,False,False,False
4.38,3.0,13.14,5,7,False,True,False,False,True,False,False,False,False,True,False,False,False,False
0.67,2.0,1.34,10,8,False,False,True,False,False,False,False,False,False,False,True,False,False,False
0.83,8.0,6.64,7,7,True,False,False,False,False,True,False,False,True,False,False,False,False,False
2.94,3.0,8.82,14,7,False,True,False,False,True,False,False,False,True,False,False,False,False,False
2.58,8.0,20.64,9,7,True,False,False,False,False,True,False,False,False,False,False,False,False,True
2.5,8.0,20.0,9,7,False,True,False,False,False,False,False,False,False,False,False,False,False,True
3.75,3.0,11.25,31,7,False,False,False,False,True,True,False,False,False,False,False,True,False,False
0.18,8.0,1.44,25,6,False,True,False,False,False,False,True,False,False,False,False,False,False,True
3.01,8.0,24.08,1,8,False,False,False,False,False,True,False,False,False,False,False,False,False,False
2.31,2.0,4.62,18,6,False,False,True,False,False,False,False,True,False,False,False,False,False,True
2.5,2.0,5.0,11,7,True,False,True,False,False,False,False,False,False,False,False,False,False,False
0.25,1.5,0.38,28,7,False,True,False,True,False,False,False,True,True,False,False,False,False,False
0.43,1.5,0.65,30,7,False,True,False,True,False,False,False,False,False,False,False,False,False,True
2.36,8.0,18.88,25,7,False,False,False,False,False,False,False,False,False,False,False,False,False,False
1.25,8.0,10.0,4,7,True,False,False,False,False,False,False,False,False,False,False,False,False,False
2.31,1.5,3.46,16,7,False,False,False,True,False,False,True,False,False,False,False,False,False,True
2.49,3.0,7.47,9,7,False,True,False,False,True,True,False,False,False,False,False,False,False,True
1.19,3.0,3.57,7,8,True,False,False,False,True,False,False,False,False,False,False,True,False,False
3.41,3.0,10.23,7,8,False,True,False,False,True,False,False,False,False,False,False,True,False,False
4.21,1.5,6.31,8,7,True,False,False,True,False,False,True,False,False,False,False,False,True,False
3.82,2.0,7.64,31,7,False,True,True,False,False,False,False,True,False,False,False,True,False,False
0.19,8.0,1.52,20,6,False,True,False,False,False,True,False,False,False,False,False,False,False,False
3.12,8.0,24.96,30,6,False,False,False,False,False,False,False,False,True,False,False,False,False,False
2.93,1.5,4.4,5,7,True,False,False,True,False,False,False,True,False,True,False,False,False,False
4.41,3.0,13.23,7,7,False,True,False,False,True,False,True,False,True,False,False,False,False,False
3.85,8.0,30.8,3,8,True,False,False,False,False,False,True,False,False,False,True,False,False,False
4.87,8.0,38.96,11,6,True,False,False,False,False,True,False,False,False,False,False,False,False,True
3.72,3.0,11.16,1,7,False,False,False,False,True,False,False,True,False,False,False,False,True,False
4.4,8.0,35.2,6,8,False,True,False,False,False,False,False,False,False,False,False,False,False,True
3.4,1.5,5.1,1,7,False,True,False,True,False,True,False,False,False,False,False,False,True,False
1.78,3.0,5.34,4,8,False,True,False,False,True,False,True,False,True,False,False,False,False,False
4.42,1.5,6.63,19,7,False,True,False,True,False,True,False,False,False,True,False,False,False,False
4.44,8.0,35.52,21,7,True,False,False,False,False,False,False,False,True,False,False,False,False,False
1.27,1.5,1.91,11,6,True,False,False,True,False,True,False,False,False,False,False,False,False,True
1.7,3.0,5.1,30,7,False,True,False,False,True,True,False,False,False,False,False,False,False,True
1.55,8.0,12.4,14,6,False,True,False,False,False,False,True,False,False,True,False,False,False,False
3.31,1.5,4.96,9,7,False,False,False,True,False,False,True,False,False,False,False,False,False,True
1.99,8.0,15.92,26,6,False,True,False,False,False,False,False,False,False,False,False,True,False,False
2.24,3.0,6.72,11,7,False,True,False,False,True,True,False,False,False,False,False,False,False,False
4.4,3.0,13.2,4,8,True,False,False,False,True,False,True,False,True,False,False,False,False,False
3.69,3.0,11.07,18,7,False,False,False,False,True,False,True,False,False,False,False,False,False,False
4.54,3.0,13.62,24,6,False,False,False,False,True,False,True,False,False,False,False,False,True,False
3.83,1.5,5.75,3,8,True,False,False,True,False,True,False,False,False,False,True,False,False,False
2.35,1.5,3.53,18,7,False,True,False,True,False,False,False,True,False,False,False,False,False,False
1.57,3.0,4.71,7,7,True,False,False,False,True,False,True,False,True,False,False,False,False,False
0.14,2.0,0.28,9,7,True,False,True,False,False,True,False,False,False,False,False,False,False,True
1.15,1.5,1.72,23,6,False,False,False,True,False,False,False,False,True,False,False,False,False,False
4.56,2.0,9.12,17,6,True,False,True,False,False,False,True,False,False,False,False,False,True,False
1.5,3.0,4.5,1,8,False,False,False,False,True,False,False,True,False,False,False,False,False,False
0.46,2.0,0.92,29,6,False,True,True,False,False,False,False,True,False,False,True,False,False,False
0.91,3.0,2.73,17,7,False,False,False,False,True,False,False,True,False,False,False,True,False,False
3.43,2.0,6.86,27,6,False,False,True,False,False,False,False,True,False,False,False,False,False,False
2.18,1.5,3.27,14,6,False,False,False,True,False,False,False,True,False,True,False,False,False,False
4.94,8.0,39.52,11,7,False,True,False,False,False,False,False,False,False,False,False,False,False,False
4.77,3.0,14.31,13,7,False,True,False,False,True,True,False,False,False,False,True,False,False,False
1.94,3.0,5.82,1,8,True,False,False,False,True,True,False,False,False,False,False,False,False,False
4.33,8.0,34.64,12,6,False,False,False,False,False,False,False,True,False,False,False,True,False,False
4.56,8.0,36.48,28,6,True,False,False,False,False,False,False,False,False,True,False,False,False,False
1.77,3.0,5.31,8,8,False,True,False,False,True,True,False,False,False,False,False,False,False,False
3.93,1.5,5.9,8,8,True,False,False,True,False,True,False,False,False,False,False,False,False,False
4.0,1.5,6.0,2,7,True,False,False,True,False,False,False,False,False,False,False,False,False,True
2.58,3.0,7.74,31,7,True,False,False,False,True,False,False,False,False,False,False,True,False,False
1.09,3.0,3.27,5,8,False,True,False,False,True,False,True,False,False,False,False,False,True,False
1.5,2.0,3.0,10,8,False,False,True,False,False,False,True,False,False,False,True,False,False,False
0.36,3.0,1.08,3,7,False,False,False,False,True,False,False,True,False,False,False,True,False,False
4.19,8.0,33.52,12,6,False,False,False,False,False,True,False,False,False,False,False,True,False,False
2.13,3.0,6.39,16,6,False,True,False,False,True,False,False,False,True,False,False,False,False,False
2.27,8.0,18.16,21,6,False,True,False,False,False,False,True,False,False,True,False,False,False,False
1.6,2.0,3.2,26,6,True,False,True,False,False,False,False,False,False,False,False,True,False,False
3.87,2.0,7.74,20,7,True,False,True,False,False,False,False,False,False,False,True,False,False,False
0.55,3.0,1.65,8,8,False,False,False,False,True,False,False,False,False,False,False,False,False,False
4.25,1.5,6.38,20,7,False,False,False,True,False,True,False,False,False,False,True,False,False,False
2.52,8.0,20.16,20,7,False,True,False,False,False,False,False,False,False,False,True,False,False,False
3.14,8.0,25.12,10,8,True,False,False,False,False,False,False,True,False,False,True,False,False,False
3.98,1.5,5.97,27,7,False,False,False,True,False,True,False,False,False,False,True,False,False,False
2.8,8.0,22.4,9,7,True,False,False,False,False,False,False,True,False,False,False,False,False,True
1.67,3.0,5.01,7,7,False,True,False,False,True,False,False,False,True,False,False,False,False,False
1.72,2.0,3.44,31,7,False,False,True,False,False,True,False,False,False,False,False,True,False,False
0.61,1.5,0.92,14,7,False,True,False,True,False,False,True,False,True,False,False,False,False,False
3.08,1.5,4.62,27,6,False,False,False,True,False,False,False,False,False,False,False,False,False,False
2.12,2.0,4.24,7,8,False,False,True,False,False,False,False,False,False,False,False,True,False,False
0.98,2.0,1.96,25,7,True,False,True,False,False,True,False,False,False,False,False,False,False,False
1.86,2.0,3.72,4,8,False,True,True,False,False,False,False,True,True,False,False,False,False,False
3.26,8.0,26.08,3,7,False,True,False,False,False,False,False,True,False,False,False,True,False,False
1.12,1.5,1.68,24,7,False,False,False,True,False,False,False,False,False,False,False,True,False,False
2.98,2.0,5.96,11,7,False,False,True,False,False,True,False,False,False,False,False,False,False,False
3.06,8.0,24.48,8,7,False,True,False,False,False,False,False,True,False,False,False,False,True,False
3.84,1.5,5.76,3,8,True,False,False,True,False,False,True,False,False,False,True,False,False,False
0.67,3.0,2.01,14,7,False,True,False,False,True,False,False,True,True,False,False,False,False,False
2.03,1.5,3.04,13,7,False,False,False,True,False,False,False,True,False,False,True,False,False,False
2.5,3.0,7.5,17,7,True,False,False,False,True,False,True,False,False,False,False,True,False,False
3.54,1.5,5.31,8,8,False,True,False,True,False,False,True,False,False,False,False,False,False,False
1.86,3.0,5.58,13,7,True,False,False,False,True,False,False,True,False,False,True,False,False,False
4.71,1.5,7.06,14,7,False,True,False,True,False,False,False,True,True,False,False,False,False,False
2.79,1.5,4.19,5,7,False,False,False,True,False,False,True,False,False,True,False,False,False,False
0.32,1.5,0.48,1,7,False,False,False,True,False,False,False,False,False,False,False,False,True,False
4.79,8.0,38.32,9,8,False,False,False,False,False,False,False,False,False,True,False,False,False,False
4.0,8.0,32.0,13,7,False,True,False,False,False,False,False,True,False,False,True,False,False,False
3.54,3.0,10.62,19,6,False,False,False,False,True,False,False,True,False,False,False,True,False,False
0.48,2.0,0.96,23,6,False,False,True,False,False,False,True,False,True,False,False,False,False,False
2.57,2.0,5.14,30,6,True,False,True,False,False,True,False,False,True,False,False,False,False,False
1.73,2.0,3.46,25,6,True,False,True,False,False,False,False,False,False,False,False,False,False,True
2.48,1.5,3.72,19,6,True,False,False,True,False,False,False,True,False,False,False,True,False,False
0.82,2.0,1.64,17,6,False,False,True,False,False,True,False,False,False,False,False,False,True,False
4.57,8.0,36.56,14,6,False,False,False,False,False,False,False,False,False,True,False,False,False,False
0.72,3.0,2.16,21,7,False,True,False,False,True,False,False,True,True,False,False,False,False,False
3.7,3.0,11.1,23,7,True,False,False,False,True,True,False,False,False,False,False,False,False,True
2.73,8.0,21.84,5,7,False,False,False,False,False,False,False,True,False,True,False,False,False,False
2.01,2.0,4.02,11,7,False,False,True,False,False,False,False,True,False,False,False,False,False,False
2.97,3.0,8.91,11,6,False,False,False,False,True,False,False,False,False,False,False,False,False,True
1.87,2.0,3.74,23,6,False,False,True,False,False,False,False,False,True,False,False,False,False,False
4.69,8.0,37.52,27,7,True,False,False,False,False,False,False,False,False,False,True,False,False,False
2.32,1.5,3.48,18,6,False,False,False,True,False,False,False,False,False,False,False,False,False,True
4.63,1.5,6.95,30,7,True,False,False,True,False,False,False,False,False,False,False,False,False,True
2.1,8.0,16.8,12,7,False,False,False,False,False,False,True,False,False,True,False,False,False,False
0.21,8.0,1.68,30,6,False,False,False,False,False,False,False,True,True,False,False,False,False,False
2.27,8.0,18.16,16,6,False,True,False,False,False,False,True,False,True,False,False,False,False,False
3.04,2.0,6.08,18,6,True,False,True,False,False,False,True,False,False,False,False,False,False,True
2.27,1.5,3.41,24,7,True,False,False,True,False,False,True,False,False,False,False,True,False,False
4.21,1.5,6.31,11,7,False,True,False,True,False,True,False,False,False,False,False,False,False,False
4.89,1.5,7.33,16,6,False,True,False,True,False,False,False,True,True,False,False,False,False,False
1.34,2.0,2.68,25,6,False,True,True,False,False,False,True,False,False,False,False,False,False,True
1.55,3.0,4.65,10,8,False,True,False,False,True,True,False,False,False,False,True,False,False,False
0.78,2.0,1.56,16,6,False,False,True,False,False,True,False,False,True,False,False,False,False,False
0.89,8.0,7.12,10,8,False,True,False,False,False,False,False,False,False,False,True,False,False,False
0.92,2.0,1.84,20,6,True,False,True,False,False,False,False,True,False,False,False,False,False,False
0.99,3.0,2.97,2,8,True,False,False,False,True,False,True,False,False,True,False,False,False,False
3.79,3.0,11.37,15,7,False,True,False,False,True,False,False,False,False,False,False,False,True,False
3.2,8.0,25.6,17,7,False,False,False,False,False,False,False,True,False,False,False,True,False,False
4.61,3.0,13.83,13,7,True,False,False,False,True,False,True,False,False,False,True,False,False,False
3.51,3.0,10.53,6,8,False,True,False,False,True,False,False,True,False,False,False,False,False,True
3.37,2.0,6.74,10,8,False,False,True,False,False,True,False,False,False,False,True,False,False,False
0.1,1.5,0.15,18,7,True,False,False,True,False,False,False,False,False,False,False,False,False,False
4.6,2.0,9.2,17,7,True,False,True,False,False,False,False,False,False,False,False,True,False,False
0.76,3.0,2.28,16,6,False,False,False,False,True,False,True,False,True,False,False,False,False,False
3.64,8.0,29.12,19,6,False,True,False,False,False,False,False,True,False,False,False,True,False,False
3.03,8.0,24.24,22,6,False,True,False,False,False,False,False,False,False,False,True,False,False,False
2.37,8.0,18.96,5,7,True,False,False,False,False,False,True,False,False,True,False,False,False,False
4.87,3.0,14.61,26,6,False,True,False,False,True,False,False,False,False,False,False,True,False,False
3.75,3.0,11.25,17,6,False,True,False,False,True,True,False,False,False,False,False,False,True,False
1.86,2.0,3.72,6,8,True,False,True,False,False,False,True,False,False,False,False,False,False,True
0.39,8.0,3.12,29,6,False,True,False,False,False,False,False,True,False,False,True,False,False,False
3.38,1.5,5.07,4,7,False,True,False,True,False,False,True,False,False,False,False,False,False,False
0.9,8.0,7.2,11,7,False,False,False,False,False,False,True,False,False,False,False,False,False,False
4.68,3.0,14.04,9,8,False,False,False,False,True,True,False,False,False,True,False,False,False,False
2.8,1.5,4.2,11,6,False,False,False,True,False,False,False,True,False,False,False,False,False,True
3.51,8.0,28.08,19,7,False,False,False,False,False,False,False,True,False,True,False,False,False,False
4.67,8.0,37.36,26,6,False,False,False,False,False,False,False,False,False,False,False,True,False,False
0.37,2.0,0.74,10,7,False,True,True,False,False,False,False,True,False,False,False,True,False,False
1.08,8.0,8.64,3,8,False,True,False,False,False,False,True,False,False,False,True,False,False,False
4.1,8.0,32.8,1,7,False,True,False,False,False,True,False,False,False,False,False,False,True,False
4.34,2.0,8.68,17,7,True,False,True,False,False,True,False,False,False,False,False,True,False,False
3.27,2.0,6.54,1,8,False,True,True,False,False,True,False,False,False,False,False,False,False,False
2.17,3.0,6.51,30,7,False,False,False,False,True,False,True,False,False,False,False,False,False,True
3.72,1.5,5.58,18,6,False,True,False,True,False,False,True,False,False,False,False,False,False,True
3.33,2.0,6.66,20,7,False,False,True,False,False,False,True,False,False,False,True,False,False,False
3.07,3.0,9.21,14,6,True,False,False,False,True,True,False,False,False,True,False,False,False,False
2.96,8.0,23.68,1,7,False,True,False,False,False,False,True,False,False,False,False,False,True,False
2.81,3.0,8.43,20,7,False,False,False,False,True,False,False,False,False,False,True,False,False,False
4.05,3.0,12.15,5,7,True,False,False,False,True,False,True,False,False,True,False,False,False,False
1.8,8.0,14.4,15,7,True,False,False,False,False,False,False,False,False,False,False,False,True,False
2.58,8.0,20.64,13,7,True,False,False,False,False,False,True,False,False,False,True,False,False,False
3.71,8.0,29.68,4,7,False,True,False,False,False,False,False,False,False,False,False,False,False,False
3.63,1.5,5.45,14,6,True,False,False,True,False,False,True,False,False,True,False,False,False,False
2.68,1.5,4.02,23,6,True,False,False,True,False,False,True,False,True,False,False,False,False,False
2.06,3.0,6.18,14,7,False,False,False,False,True,False,True,False,True,False,False,False,False,False
2.86,1.5,4.29,5,7,False,True,False,True,False,True,False,False,False,True,False,False,False,False
1.86,1.5,2.79,21,7,True,False,False,True,False,False,True,False,True,False,False,False,False,False
4.25,2.0,8.5,26,7,True,False,True,False,False,False,False,True,False,True,False,False,False,False
4.74,3.0,14.22,23,6,True,False,False,False,True,True,False,False,True,False,False,False,False,False
0.78,8.0,6.24,12,7,False,True,False,False,False,False,True,False,False,True,False,False,False,False
4.78,3.0,14.34,11,7,False,True,False,False,True,False,True,False,False,False,False,False,False,False
1.27,8.0,10.16,23,7,False,False,False,False,False,False,False,True,False,False,False,False,False,True
2.93,3.0,8.79,1,7,True,False,False,False,True,False,False,False,False,False,False,False,True,False
3.31,3.0,9.93,30,6,False,True,False,False,True,True,False,False,True,False,False,False,False,False
3.36,1.5,5.04,18,6,True,False,False,True,False,False,False,False,False,False,False,False,False,True
2.36,3.0,7.08,24,7,False,True,False,False,True,False,True,False,False,False,False,True,False,False
4.16,3.0,12.48,24,7,True,False,False,False,True,False,False,True,False,False,False,True,False,False
0.74,8.0,5.92,23,6,False,True,False,False,False,False,False,False,True,False,False,False,False,False
4.75,3.0,14.25,4,8,False,True,False,False,True,False,False,True,True,False,False,False,False,False
3.79,3.0,11.37,26,6,False,False,False,False,True,True,False,False,False,False,False,True,False,False
1.91,3.0,5.73,28,6,False,False,False,False,True,False,True,False,False,True,False,False,False,False
2.06,2.0,4.12,13,7,True,False,True,False,False,False,True,False,False,False,True,False,False,False
0.43,1.5,0.65,25,6,False,False,False,True,False,False,False,True,False,False,False,False,False,True
5.0,8.0,40.0,25,7,True,False,False,False,False,False,False,True,False,False,False,False,False,False
0.81,2.0,1.62,13,6,True,False,True,False,False,False,True,False,False,False,False,False,False,False
0.6,2.0,1.2,24,6,False,False,True,False,False,True,False,False,False,False,False,False,True,False
3.2,3.0,9.6,17,6,True,False,False,False,True,False,False,True,False,False,False,False,True,False
2.93,1.5,4.4,7,8,False,False,False,True,False,True,False,False,False,False,False,True,False,False
3.23,3.0,9.69,27,7,True,False,False,False,True,False,True,False,False,False,True,False,False,False
4.95,8.0,39.6,4,7,False,False,False,False,False,True,False,False,False,False,False,False,False,False
0.37,3.0,1.11,20,7,False,False,False,False,True,False,False,True,False,False,True,False,False,False
0.28,8.0,2.24,4,8,True,False,False,False,False,False,True,False,True,False,False,False,False,False
2.38,3.0,7.14,25,6,True,False,False,False,True,True,False,False,False,False,False,False,False,True
3.55,1.5,5.32,2,7,False,True,False,True,False,False,False,True,False,False,False,False,False,True
3.42,3.0,10.26,1,8,True,False,False,False,True,False,True,False,False,False,False,False,False,False
0.78,1.5,1.17,17,7,False,False,False,True,False,False,False,True,False,False,False,True,False,False
3.93,1.5,5.9,21,7,False,True,False,True,False,False,False,True,True,False,False,False,False,False
1.52,2.0,3.04,6,8,False,False,True,False,False,True,False,False,False,False,False,False,False,True
0.9,3.0,2.7,1,8,False,False,False,False,True,False,True,False,False,False,False,False,False,False
4.7,2.0,9.4,4,7,False,False,True,False,False,False,True,False,False,False,False,False,False,False
4.18,8.0,33.44,20,6,True,False,False,False,False,False,False,False,False,False,False,False,False,False
1.8,1.5,2.7,6,7,False,True,False,True,False,True,False,False,False,False,True,False,False,False
4.94,1.5,7.41,19,7,False,False,False,True,False,False,False,True,False,True,False,False,False,False
3.78,2.0,7.56,10,8,False,True,True,False,False,False,False,False,False,False,True,False,False,False
0.91,8.0,7.28,28,7,True,False,False,False,False,False,False,False,True,False,False,False,False,False
4.54,2.0,9.08,12,7,False,True,True,False,False,True,False,False,False,True,False,False,False,False
0.15,2.0,0.3,4,7,False,False,True,False,False,False,False,False,False,False,False,False,False,False
0.51,8.0,4.08,20,7,False,False,False,False,False,False,False,False,False,False,True,False,False,False
2.7,3.0,8.1,18,6,False,False,False,False,True,False,False,False,False,False,False,False,False,True
0.29,1.5,0.43,6,8,False,False,False,True,False,False,False,False,False,False,False,False,False,True
0.59,8.0,4.72,18,7,False,True,False,False,False,False,False,True,False,False,False,False,False,False
1.93,2.0,3.86,1,8,False,False,True,False,False,True,False,False,False,False,False,False,False,False
1.38,3.0,4.14,7,8,False,False,False,False,True,False,False,False,False,False,False,True,False,False
5.0,8.0,40.0,17,7,False,False,False,False,False,False,False,False,False,False,False,True,False,False
2.73,2.0,5.46,14,7,False,False,True,False,False,False,False,False,True,False,False,False,False,False
3.77,2.0,7.54,1,8,False,False,True,False,False,False,False,True,False,False,False,False,False,False
4.64,2.0,9.28,28,6,False,False,True,False,False,False,False,False,False,True,False,False,False,False
3.38,1.5,5.07,3,7,False,False,False,True,False,False,True,False,False,False,False,True,False,False
1.03,3.0,3.09,16,6,True,False,False,False,True,False,False,False,True,False,False,False,False,False
1.61,3.0,4.83,26,7,False,True,False,False,True,False,True,False,False,True,False,False,False,False
2.71,8.0,21.68,29,6,False,False,False,False,False,False,False,False,False,False,True,False,False,False
2.34,8.0,18.72,13,6,False,False,False,False,False,True,False,False,False,False,False,False,False,False
3.03,8.0,24.24,12,7,False,False,False,False,False,False,False,True,False,True,False,False,False,False
2.86,8.0,22.88,26,7,False,True,False,False,False,True,False,False,False,True,False,False,False,False
3.33,1.5,5.0,14,6,False,True,False,True,False,False,True,False,False,True,False,False,False,False
4.85,1.5,7.27,13,6,False,False,False,True,False,False,True,False,False,False,False,False,False,False
4.3,3.0,12.9,17,7,False,True,False,False,True,False,True,False,False,False,False,True,False,False
1.33,8.0,10.64,12,7,True,False,False,False,False,False,False,False,False,True,False,False,False,False
3.36,2.0,6.72,10,8,True,False,True,False,False,True,False,False,False,False,True,False,False,False
0.14,1.5,0.21,22,7,True,False,False,True,False,False,False,False,False,False,False,False,True,False
2.11,3.0,6.33,3,8,False,True,False,False,True,False,True,False,False,False,True,False,False,False
0.77,2.0,1.54,27,7,False,False,True,False,False,True,False,False,False,False,True,False,False,False
2.9,1.5,4.35,10,8,False,False,False,True,False,False,False,False,False,False,True,False,False,False
0.1,2.0,0.2,26,7,True,False,True,False,False,False,False,False,False,True,False,False,False,False
2.78,8.0,22.24,28,7,False,True,False,False,False,False,True,False,True,False,False,False,False,False
1.02,1.5,1.53,15,7,False,True,False,True,False,True,False,False,False,False,False,False,True,False
2.7,2.0,5.4,23,7,False,False,True,False,False,False,False,True,False,False,False,False,False,True
3.2,2.0,6.4,25,6,True,False,True,False,False,False,True,False,False,False,False,False,False,True
2.5,2.0,5.0,12,6,False,True,True,False,False,False,True,False,False,False,False,True,False,False
3.68,8.0,29.44,28,7,True,False,False,False,False,False,True,False,True,False,False,False,False,False
1.58,1.5,2.37,27,7,False,False,False,True,False,False,False,False,False,False,True,False,False,False
1.93,8.0,15.44,2,8,False,False,False,False,False,False,False,False,False,True,False,False,False,False
3.64,2.0,7.28,8,8,True,False,True,False,False,False,False,False,False,False,False,False,False,False
1.81,8.0,14.48,21,6,False,False,False,False,False,False,False,False,False,True,False,False,False,False
4.87,2.0,9.74,6,8,True,False,True,False,False,False,False,True,False,False,False,False,False,True
3.14,3.0,9.42,12,7,True,False,False,False,True,False,True,False,False,True,False,False,False,False
1.62,2.0,3.24,21,7,False,False,True,False,False,False,False,False,True,False,False,False,False,False
1.58,3.0,4.74,12,7,False,True,False,False,True,False,True,False,False,True,False,False,False,False
4.06,3.0,12.18,10,8,False,False,False,False,True,False,True,False,False,False,True,False,False,False
1.61,3.0,4.83,12,7,False,False,False,False,True,False,False,False,False,True,False,False,False,False
0.5,1.5,0.75,5,7,False,True,False,True,False,False,False,False,False,True,False,False,False,False
3.94,8.0,31.52,10,8,True,False,False,False,False,False,False,False,False,False,True,False,False,False
4.13,2.0,8.26,16,7,True,False,True,False,False,False,True,False,False,False,False,False,False,True
1.47,1.5,2.21,25,7,False,False,False,True,False,False,True,False,False,False,False,False,False,False
4.81,3.0,14.43,26,7,True,False,False,False,True,False,False,True,False,True,False,False,False,False
1.62,3.0,4.86,21,7,False,True,False,False,True,False,False,False,True,False,False,False,False,False
0.8,8.0,6.4,19,6,False,True,False,False,False,True,False,False,False,False,False,True,False,False
0.31,8.0,2.48,26,6,True,False,False,False,False,True,False,False,False,False,False,True,False,False
0.45,3.0,1.35,19,7,False,True,False,False,True,False,False,False,False,True,False,False,False,False
2.12,8.0,16.96,25,7,False,True,False,False,False,False,False,False,False,False,False,False,False,False
1.32,1.5,1.98,4,8,False,False,False,True,False,False,True,False,True,False,False,False,False,False
4.36,8.0,34.88,13,6,False,False,False,False,False,False,False,False,False,False,False,False,False,False
1.38,8.0,11.04,8,7,True,False,False,False,False,True,False,False,False,False,False,False,True,False
0.4,3.0,1.2,29,7,False,True,False,False,True,False,True,False,False,False,False,False,True,False
4.03,1.5,6.04,26,6,False,True,False,True,False,True,False,False,False,False,False,True,False,False
0.53,3.0,1.59,27,6,True,False,False,False,True,True,False,False,False,False,False,False,False,False
3.15,2.0,6.3,6,8,False,True,True,False,False,False,False,False,False,False,False,False,False,True
3.27,8.0,26.16,1,8,False,True,False,False,False,False,False,True,False,False,False,False,False,False
4.41,8.0,35.28,31,7,True,False,False,False,False,True,False,False,False,False,False,True,False,False
4.31,1.5,6.46,12,7,True,False,False,True,False,False,False,True,False,True,False,False,False,False
2.32,2.0,4.64,21,7,False,True,True,False,False,False,False,False,True,False,False,False,False,False
3.29,8.0,26.32,28,7,False,False,False,False,False,False,False,True,True,False,False,False,False,False
1.34,2.0,2.68,14,6,False,False,True,False,False,True,False,False,False,True,False,False,False,False
0.16,8.0,1.28,24,7,False,True,False,False,False,False,False,True,False,False,False,True,False,False
0.69,8.0,5.52,21,7,False,True,False,False,False,True,False,False,True,False,False,False,False,False
0.41,1.5,0.61,18,7,False,False,False,True,False,False,False,True,False,False,False,False,False,False
0.87,1.5,1.3,24,7,False,False,False,True,False,True,False,False,False,False,False,True,False,False
2.01,2.0,4.02,25,6,False,True,True,False,False,True,False,False,False,False,False,False,False,True
3.99,3.0,11.97,28,6,False,False,False,False,True,False,False,False,False,True,False,False,False,False
2.47,3.0,7.41,9,7,True,False,False,False,True,False,True,False,False,False,False,False,False,True
3.96,3.0,11.88,27,7,False,False,False,False,True,False,False,True,False,False,True,False,False,False
3.94,1.5,5.91,21,7,False,True,False,True,False,False,True,False,True,False,False,False,False,False
1.37,1.5,2.06,14,7,False,False,False,True,False,False,False,True,True,False,False,False,False,False
2.9,3.0,8.7,28,7,True,False,False,False,True,False,False,True,True,False,False,False,False,False
3.08,2.0,6.16,30,7,True,False,True,False,False,False,False,True,False,False,False,False,False,True
3.18,8.0,25.44,25,6,False,True,False,False,False,False,False,True,False,False,False,False,False,True
4.16,1.5,6.24,17,7,True,False,False,True,False,True,False,False,False,False,False,True,False,False
2.08,1.5,3.12,3,8,True,False,False,True,False,False,False,True,False,False,True,False,False,False
2.54,8.0,20.32,30,6,False,False,False,False,False,False,True,False,True,False,False,False,False,False
2.23,2.0,4.46,10,7,True,False,True,False,False,False,False,False,False,False,False,True,False,False
2.85,8.0,22.8,29,6,True,False,False,False,False,False,True,False,False,False,True,False,False,False
4.61,3.0,13.83,20,6,False,True,False,False,True,True,False,False,False,False,False,False,False,False
3.15,1.5,4.72,22,7,True,False,False,True,False,True,False,False,False,False,False,False,True,False
4.91,8.0,39.28,27,7,True,False,False,False,False,True,False,False,False,False,True,False,False,False
3.2,1.5,4.8,17,7,True,False,False,True,False,False,False,True,False,False,False,True,False,False
2.92,1.5,4.38,14,6,False,True,False,True,False,True,False,False,False,True,False,False,False,False
4.34,3.0,13.02,26,6,False,False,False,False,True,False,True,False,False,False,False,True,False,False
4.08,1.5,6.12,24,7,True,False,False,True,False,True,False,False,False,False,False,True,False,False
1.02,3.0,3.06,8,7,False,False,False,False,True,False,False,True,False,False,False,False,True,False
1.02,3.0,3.06,11,6,False,True,False,False,True,False,True,False,False,False,False,False,False,True
3.31,2.0,6.62,18,7,True,False,True,False,False,False,False,True,False,False,False,False,False,False
2.25,3.0,6.75,14,7,True,False,False,False,True,True,False,False,True,False,False,False,False,False
3.88,1.5,5.82,23,6,False,False,False,True,False,False,True,False,True,False,False,False,False,False
4.32,3.0,12.96,20,7,False,True,False,False,True,False,True,False,False,False,True,False,False,False
0.94,8.0,7.52,1,7,True,False,False,False,False,True,False,False,False,False,False,False,True,False
0.4,2.0,0.8,5,7,False,True,True,False,False,False,True,False,False,True,False,False,False,False
1.65,2.0,3.3,2,7,True,False,True,False,False,False,False,False,False,False,False,False,False,True
4.65,8.0,37.2,11,6,True,False,False,False,False,False,False,False,False,False,False,False,False,True
4.22,3.0,12.66,16,7,False,True,False,False,True,True,False,False,False,False,False,False,False,True
3.04,8.0,24.32,29,7,False,False,False,False,False,True,False,False,False,False,False,False,True,False
3.57,1.5,5.35,9,7,True,False,False,True,False,False,False,False,False,False,False,False,False,True
2.8,8.0,22.4,11,6,True,False,False,False,False,False,True,False,False,False,False,False,False,True
3.21,2.0,6.42,3,8,True,False,True,False,False,True,False,False,False,False,True,False,False,False
4.95,2.0,9.9,25,7,False,True,True,False,False,False,False,True,False,False,False,False,False,False
4.06,3.0,12.18,2,8,True,False,False,False,True,False,False,True,False,True,False,False,False,False
2.59,2.0,5.18,22,7,False,False,True,False,False,True,False,False,False,False,False,False,True,False
2.49,1.5,3.74,16,7,False,True,False,True,False,True,False,False,False,False,False,False,False,True
1.62,8.0,12.96,23,6,True,False,False,False,False,False,False,False,True,False,False,False,False,False
1.01,2.0,2.02,4,7,False,True,True,False,False,False,False,True,False,False,False,False,False,False
3.81,2.0,7.62,11,6,False,True,True,False,False,False,False,True,False,False,False,False,False,True
1.71,8.0,13.68,20,6,False,False,False,False,False,False,True,False,False,False,False,False,False,False
0.11,1.5,0.17,19,7,False,False,False,True,False,True,False,False,False,True,False,False,False,False
4.11,2.0,8.22,29,7,True,False,True,False,False,True,False,False,False,False,False,False,True,False
2.52,8.0,20.16,21,6,False,False,False,False,False,False,False,True,False,True,False,False,False,False
0.38,3.0,1.14,7,7,False,False,False,False,True,False,True,False,True,False,False,False,False,False
4.62,8.0,36.96,8,7,False,False,False,False,False,True,False,False,False,False,False,False,True,False
2.2,3.0,6.6,29,7,False,False,False,False,True,False,False,False,False,False,False,False,True,False
1.93,3.0,5.79,9,7,True,False,False,False,True,True,False,False,False,False,False,False,False,True
3.65,2.0,7.3,8,7,False,False,True,False,False,False,True,False,False,False,False,False,True,False
2.85,2.0,5.7,15,6,True,False,True,False,False,False,False,True,False,False,True,False,False,False
1.49,1.5,2.23,22,6,False,True,False,True,False,True,False,False,False,False,True,False,False,False
2.82,2.0,5.64,21,6,True,False,True,False,False,False,True,False,False,True,False,False,False,False
0.59,1.5,0.89,25,7,True,False,False,True,False,False,False,True,False,False,False,False,False,False
3.4,2.0,6.8,6,7,True,False,True,False,False,False,False,False,False,False,True,False,False,False
3.79,3.0,11.37,4,7,True,False,False,False,True,False,False,False,False,False,False,False,False,False
0.31,2.0,0.62,26,6,False,False,True,False,False,False,False,False,False,False,False,True,False,False
3.74,1.5,5.61,26,6,False,False,False,True,False,False,False,True,False,False,False,True,False,False
0.53,2.0,1.06,3,8,True,False,True,False,False,False,False,True,False,False,True,False,False,False
4.62,3.0,13.86,12,6,False,False,False,False,True,False,True,False,False,False,False,True,False,False
1.5,1.5,2.25,24,6,False,False,False,True,False,True,False,False,False,False,False,False,True,False
1.71,8.0,13.68,5,7,False,True,False,False,False,False,False,True,False,True,False,False,False,False
4.75,3.0,14.25,27,7,False,True,False,False,True,True,False,False,False,False,True,False,False,False
3.85,2.0,7.7,23,6,False,True,True,False,False,False,False,False,True,False,False,False,False,False
0.55,1.5,0.83,8,7,False,False,False,True,False,True,False,False,False,False,False,False,True,False
2.49,1.5,3.74,9,7,True,False,False,True,False,False,True,False,False,False,False,False,False,True
3.96,1.5,5.94,3,8,False,False,False,True,False,True,False,False,False,False,True,False,False,False
0.36,3.0,1.08,3,8,False,True,False,False,True,True,False,False,False,False,True,False,False,False
2.98,3.0,8.94,17,7,False,False,False,False,True,False,True,False,False,False,False,True,False,False
4.42,1.5,6.63,30,6,False,True,False,True,False,False,True,False,True,False,False,False,False,False
2.14,3.0,6.42,6,8,True,False,False,False,True,False,False,False,False,False,False,False,False,True
0.26,8.0,2.08,7,7,False,False,False,False,False,False,False,False,True,False,False,False,False,False
1.92,2.0,3.84,29,6,True,False,True,False,False,False,True,False,False,False,True,False,False,False
4.86,1.5,7.29,7,7,False,True,False,True,False,False,False,True,True,False,False,False,False,False
3.04,2.0,6.08,9,8,False,True,True,False,False,False,False,False,False,True,False,False,False,False
2.66,3.0,7.98,8,8,False,True,False,False,True,False,True,False,False,False,False,False,False,False
3.19,8.0,25.52,25,7,False,True,False,False,False,False,True,False,False,False,False,False,False,False
1.21,2.0,2.42,29,7,False,True,True,False,False,False,True,False,False,False,False,False,True,False
2.73,2.0,5.46,21,7,False,False,True,False,False,True,False,False,True,False,False,False,False,False
0.16,3.0,0.48,4,7,True,False,False,False,True,True,False,False,False,False,False,False,False,False
1.01,3.0,3.03,29,7,False,True,False,False,True,False,False,False,False,False,False,False,True,False
2.78,3.0,8.34,25,6,True,False,False,False,True,False,False,False,False,False,False,False,False,True
2.49,8.0,19.92,3,8,True,False,False,False,False,False,False,False,False,False,True,False,False,False
0.95,3.0,2.85,2,7,False,False,False,False,True,False,False,True,False,False,False,False,False,True
0.49,8.0,3.92,26,6,False,True,False,False,False,False,True,False,False,False,False,True,False,False
2.51,3.0,7.53,13,7,False,False,False,False,True,False,True,False,False,False,True,False,False,False
1.4,3.0,4.2,28,7,True,False,False,False,True,False,True,False,True,False,False,False,False,False
3.44,2.0,6.88,21,7,False,False,True,False,False,False,True,False,True,False,False,False,False,False
4.18,8.0,33.44,21,6,True,False,False,False,False,False,False,False,False,True,False,False,False,False
3.52,8.0,28.16,12,6,True,False,False,False,False,False,False,False,False,False,False,True,False,False
1.93,2.0,3.86,4,8,False,False,True,False,False,True,False,False,True,False,False,False,False,False
3.05,2.0,6.1,8,7,False,False,True,False,False,False,False,True,False,False,False,False,True,False
3.74,3.0,11.22,10,8,False,True,False,False,True,False,False,True,False,False,True,False,False,False
1.32,3.0,3.96,30,6,False,False,False,False,True,False,False,False,True,False,False,False,False,False
4.09,2.0,8.18,10,7,False,False,True,False,False,False,False,True,False,False,False,True,False,False
2.01,1.5,3.01,15,7,False,False,False,True,False,False,False,True,False,False,False,False,True,False
3.88,3.0,11.64,8,8,True,False,False,False,True,False,False,True,False,False,False,False,False,False
1.49,2.0,2.98,4,7,False,False,True,False,False,True,False,False,False,False,False,False,False,False
0.15,3.0,0.45,14,6,False,False,False,False,True,True,False,False,False,True,False,False,False,False
0.62,8.0,4.96,5,8,False,True,False,False,False,True,False,False,False,False,False,False,True,False
0.43,3.0,1.29,27,6,False,False,False,False,True,True,False,False,False,False,False,False,False,False
0.46,8.0,3.68,17,6,True,False,False,False,False,False,True,False,False,False,False,False,True,False
1.81,3.0,5.43,11,6,False,False,False,False,True,True,False,False,False,False,False,False,False,True
2.06,1.5,3.09,30,6,False,True,False,True,False,False,False,True,True,False,False,False,False,False
0.78,3.0,2.34,28,6,False,False,False,False,True,True,False,False,False,True,False,False,False,False
4.46,3.0,13.38,26,6,False,False,False,False,True,False,False,True,False,False,False,True,False,False
1.31,8.0,10.48,29,6,True,False,False,False,False,False,False,True,False,False,True,False,False,False
4.24,2.0,8.48,20,6,True,False,True,False,False,True,False,False,False,False,False,False,False,False
4.01,8.0,32.08,14,6,True,False,False,False,False,True,False,False,False,True,False,False,False,False
2.47,2.0,4.94,14,6,False,True,True,False,False,True,False,False,False,True,False,False,False,False
0.98,8.0,7.84,22,7,False,True,False,False,False,False,True,False,False,False,False,False,True,False
4.32,1.5,6.48,20,6,False,True,False,True,False,False,False,False,False,False,False,False,False,False
3.31,3.0,9.93,21,6,False,False,False,False,True,False,True,False,False,True,False,False,False,False
0.54,1.5,0.81,3,8,False,False,False,True,False,False,False,False,False,False,True,False,False,False
3.3,1.5,4.95,4,7,True,False,False,True,False,True,False,False,False,False,False,False,False,False
3.83,1.5,5.75,8,7,False,False,False,True,False,False,False,True,False,False,False,False,True,False
4.42,2.0,8.84,26,7,False,True,True,False,False,False,True,False,False,True,False,False,False,False
2.52,1.5,3.78,4,7,False,False,False,True,False,True,False,False,False,False,False,False,False,False
3.06,1.5,4.59,8,8,False,False,False,True,False,False,False,False,False,False,False,False,False,False
4.65,8.0,37.2,11,7,False,False,False,False,False,False,False,False,False,False,False,False,False,False
2.63,3.0,7.89,18,7,False,False,False,False,True,False,False,False,False,False,False,False,False,False
3.89,1.5,5.83,22,7,True,False,False,True,False,False,True,False,False,False,False,False,True,False
0.66,1.5,0.99,14,7,True,False,False,True,False,False,True,False,True,False,False,False,False,False
4.92,2.0,9.84,15,7,False,False,True,False,False,False,False,False,False,False,False,False,True,False
3.88,3.0,11.64,3,7,False,True,False,False,True,False,False,False,False,False,False,True,False,False
1.48,1.5,2.22,22,7,False,True,False,True,False,False,False,True,False,False,False,False,True,False
1.5,3.0,4.5,10,8,False,True,False,False,True,False,False,False,False,False,True,False,False,False
2.47,3.0,7.41,28,7,False,True,False,False,True,False,False,True,True,False,False,False,False,False
2.98,2.0,5.96,4,8,False,True,True,False,False,False,False,False,True,False,False,False,False,False
3.75,1.5,5.62,27,7,True,False,False,True,False,False,False,False,False,False,True,False,False,False
2.5,1.5,3.75,17,6,True,False,False,True,False,True,False,False,False,False,False,False,True,False
0.14,3.0,0.42,20,6,False,False,False,False,True,False,True,False,False,False,False,False,False,False
2.91,1.5,4.37,25,7,False,False,False,True,False,False,False,False,False,False,False,False,False,False
3.79,3.0,11.37,19,7,True,False,False,False,True,False,True,False,False,True,False,False,False,False
5.0,2.0,10.0,28,6,False,True,True,False,False,False,False,False,False,True,False,False,False,False
4.23,1.5,6.35,29,7,False,False,False,True,False,False,True,False,False,False,False,False,True,False
1.72,8.0,13.76,5,8,True,False,False,False,False,False,False,False,False,False,False,False,True,False
3.3,3.0,9.9,10,7,False,True,False,False,True,True,False,False,False,False,False,True,False,False
1.79,8.0,14.32,6,7,False,False,False,False,False,False,False,False,False,False,True,False,False,False
1.83,1.5,2.75,12,7,False,False,False,True,False,False,True,False,False,True,False,False,False,False
4.41,2.0,8.82,18,7,False,False,True,False,False,False,False,False,False,False,False,False,False,False
3.75,3.0,11.25,12,6,True,False,False,False,True,True,False,False,False,False,False,True,False,False
2.68,1.5,4.02,10,7,False,False,False,True,False,False,True,False,False,False,False,True,False,False
4.86,8.0,38.88,9,8,False,True,False,False,False,False,True,False,False,True,False,False,False,False
3.59,8.0,28.72,11,7,True,False,False,False,False,False,True,False,False,False,False,False,False,False
1.98,8.0,15.84,27,6,False,False,False,False,False,False,True,False,False,False,False,False,False,False
0.11,1.5,0.17,23,7,False,False,False,True,False,True,False,False,False,False,False,False,False,True
4.24,3.0,12.72,15,7,True,False,False,False,True,False,False,False,False,False,False,False,True,False
4.9,3.0,14.7,12,6,False,False,False,False,True,True,False,False,False,False,False,True,False,False
4.22,1.5,6.33,28,7,True,False,False,True,False,False,False,True,True,False,False,False,False,False
3.8,1.5,5.7,7,7,True,False,False,True,False,True,False,False,True,False,False,False,False,False
3.13,1.5,4.7,15,7,True,False,False,True,False,False,False,False,False,False,False,False,True,False
2.15,3.0,6.45,2,8,False,True,False,False,True,False,True,False,False,True,False,False,False,False
3.19,1.5,4.79,24,7,True,False,False,True,False,False,False,False,False,False,False,True,False,False
2.14,8.0,17.12,16,7,False,True,False,False,False,True,False,False,False,False,False,False,False,True
4.43,8.0,35.44,6,7,True,False,False,False,False,False,False,True,False,False,True,False,False,False
4.31,8.0,34.48,13,6,False,True,False,False,False,False,False,False,False,False,False,False,False,False
3.55,2.0,7.1,7,8,False,False,True,False,False,True,False,False,False,False,False,True,False,False
3.65,1.5,5.47,1,7,False,True,False,True,False,False,True,False,False,False,False,False,True,False
4.33,8.0,34.64,21,6,False,True,False,False,False,True,False,False,False,True,False,False,False,False
4.14,8.0,33.12,24,7,True,False,False,False,False,False,False,False,False,False,False,True,False,False
3.48,8.0,27.84,2,7,False,False,False,False,False,False,False,False,False,False,False,False,False,True
3.75,3.0,11.25,5,7,True,False,False,False,True,False,False,True,False,True,False,False,False,False
0.18,3.0,0.54,10,7,False,False,False,False,True,False,False,False,False,False,False,True,False,False
4.43,8.0,35.44,23,6,False,False,False,False,False,False,False,True,True,False,False,False,False,False
3.43,2.0,6.86,27,6,False,False,True,False,False,False,False,False,False,False,False,False,False,False
1.64,8.0,13.12,11,6,False,True,False,False,False,False,False,False,False,False,False,False,False,True
4.68,3.0,14.04,2,7,True,False,False,False,True,False,False,False,False,False,False,False,False,True
2.05,1.5,3.07,11,7,False,False,False,True,False,True,False,False,False,False,False,False,False,False
3.5,8.0,28.0,31,7,False,False,False,False,False,False,False,False,False,False,False,True,False,False
2.87,8.0,22.96,16,6,True,False,False,False,False,False,False,True,True,False,False,False,False,False
1.65,3.0,4.95,3,8,False,True,False,False,True,False,False,True,False,False,True,False,False,False
2.21,2.0,4.42,19,6,True,False,True,False,False,False,False,True,False,False,False,True,False,False
2.81,2.0,5.62,8,7,True,False,True,False,False,False,False,False,False,False,False,False,True,False
3.43,1.5,5.15,19,7,False,False,False,True,False,False,True,False,False,True,False,False,False,False
0.33,8.0,2.64,24,6,True,False,False,False,False,False,False,True,False,False,False,False,True,False
1.1,1.5,1.65,11,6,False,True,False,True,False,False,False,True,False,False,False,False,False,True
1.92,8.0,15.36,8,7,True,False,False,False,False,False,False,True,False,False,False,False,True,False
2.63,3.0,7.89,26,6,False,False,False,False,True,False,False,False,False,False,False,True,False,False
4.95,1.5,7.43,30,6,True,False,False,True,False,True,False,False,True,False,False,False,False,False
4.83,3.0,14.49,27,7,False,True,False,False,True,False,True,False,False,False,True,False,False,False
4.82,3.0,14.46,15,6,False,True,False,False,True,True,False,False,False,False,True,False,False,False
0.23,8.0,1.84,1,7,False,True,False,False,False,False,False,True,False,False,False,False,True,False
2.41,2.0,4.82,5,7,False,False,True,False,False,False,False,True,False,True,False,False,False,False
0.99,3.0,2.97,6,8,True,False,False,False,True,True,False,False,False,False,False,False,False,True
1.8,1.5,2.7,23,7,False,False,False,True,False,False,False,False,False,False,False,False,False,True
3.46,3.0,10.38,17,6,True,False,False,False,True,True,False,False,False,False,False,False,True,False
4.84,2.0,9.68,22,6,True,False,True,False,False,False,False,False,False,False,True,False,False,False
3.13,1.5,4.7,9,7,True,False,False,True,False,True,False,False,False,False,False,False,False,True
4.95,2.0,9.9,16,7,True,False,True,False,False,False,False,True,False,False,False,False,False,True
4.55,3.0,13.65,3,7,False,True,False,False,True,False,False,True,False,False,False,True,False,False
0.46,2.0,0.92,28,7,False,True,True,False,False,False,False,False,True,False,False,False,False,False
0.59,8.0,4.72,18,6,False,False,False,False,False,True,False,False,False,False,False,False,False,True
0.6,8.0,4.8,15,7,False,True,False,False,False,True,False,False,False,False,False,False,True,False
2.36,1.5,3.54,14,6,False,False,False,True,False,False,False,False,False,True,False,False,False,False
3.69,2.0,7.38,28,7,False,True,True,False,False,False,True,False,True,False,False,False,False,False
3.43,8.0,27.44,3,8,False,False,False,False,False,False,False,False,False,False,True,False,False,False
4.92,1.5,7.38,4,7,False,False,False,True,False,False,False,False,False,False,False,False,False,False
2.22,2.0,4.44,28,6,True,False,True,False,False,False,False,False,False,True,False,False,False,False
2.42,3.0,7.26,1,7,False,False,False,False,True,True,False,False,False,False,False,False,True,False
3.62,2.0,7.24,3,7,False,True,True,False,False,False,False,False,False,False,False,True,False,False
0.29,3.0,0.87,31,7,False,False,False,False,True,False,False,False,False,False,False,True,False,False
2.26,1.5,3.39,14,6,False,False,False,True,False,False,True,False,False,True,False,False,False,False
2.69,8.0,21.52,24,6,True,False,False,False,False,False,True,False,False,False,False,False,True,False
1.35,8.0,10.8,24,6,True,False,False,False,False,True,False,False,False,False,False,False,True,False
3.44,3.0,10.32,1,7,True,False,False,False,True,False,True,False,False,False,False,False,True,False
4.5,3.0,13.5,28,7,False,True,False,False,True,False,True,False,True,False,False,False,False,False
0.32,2.0,0.64,8,8,False,True,True,False,False,False,False,True,False,False,False,False,False,False
0.34,2.0,0.68,14,6,True,False,True,False,False,False,False,False,False,True,False,False,False,False
3.11,8.0,24.88,3,8,True,False,False,False,False,False,False,True,False,False,True,False,False,False
3.01,2.0,6.02,12,7,True,False,True,False,False,True,False,False,False,True,False,False,False,False
3.34,1.5,5.01,7,8,False,False,False,True,False,False,False,True,False,False,False,True,False,False
4.97,1.5,7.46,6,7,False,False,False,True,False,False,False,False,False,False,True,False,False,False
2.76,2.0,5.52,11,6,False,True,True,False,False,False,True,False,False,False,False,False,False,True
2.87,2.0,5.74,7,8,False,False,True,False,False,False,True,False,False,False,False,True,False,False
1.83,8.0,14.64,10,8,False,False,False,False,False,False,False,False,False,False,True,False,False,False
2.37,2.0,4.74,22,7,True,False,True,False,False,False,True,False,False,False,False,False,True,False
2.87,2.0,5.74,27,7,True,False,True,False,False,False,False,False,False,False,True,False,False,False
4.14,1.5,6.21,29,6,False,False,False,True,False,False,True,False,False,False,True,False,False,False
0.93,3.0,2.79,4,8,True,False,False,False,True,True,False,False,True,False,False,False,False,False
2.21,3.0,6.63,30,6,False,True,False,False,True,False,True,False,True,False,False,False,False,False
3.29,2.0,6.58,4,8,True,False,True,False,False,False,True,False,True,False,False,False,False,False
0.66,2.0,1.32,13,7,False,True,True,False,False,False,False,False,False,False,True,False,False,False
3.63,3.0,10.89,18,6,False,False,False,False,True,False,True,False,False,False,False,False,False,True
3.55,8.0,28.4,31,7,True,False,False,False,False,False,False,True,False,False,False,True,False,False
3.48,8.0,27.84,10,8,False,True,False,False,False,True,False,False,False,False,True,False,False,False
0.34,8.0,2.72,4,8,True,False,False,False,False,False,False,True,True,False,False,False,False,False
3.84,8.0,30.72,19,6,False,False,False,False,False,False,False,False,False,False,False,True,False,False
3.31,8.0,26.48,19,7,False,False,False,False,False,True,False,False,False,True,False,False,False,False
4.52,3.0,13.56,24,7,True,False,False,False,True,False,True,False,False,False,False,True,False,False
1.44,3.0,4.32,31,7,True,False,False,False,True,False,False,True,False,False,False,True,False,False
4.03,3.0,12.09,25,7,False,True,False,False,True,False,True,False,False,False,False,False,False,False
2.1,1.5,3.15,16,6,False,False,False,True,False,False,False,False,True,False,False,False,False,False
3.47,1.5,5.21,27,7,False,True,False,True,False,False,False,False,False,False,True,False,False,False
1.6,3.0,4.8,19,7,False,False,False,False,True,False,False,False,False,True,False,False,False,False
2.73,2.0,5.46,30,6,False,True,True,False,False,False,True,False,True,False,False,False,False,False
0.79,8.0,6.32,16,7,False,False,False,False,False,False,True,False,False,False,False,False,False,True
3.34,2.0,6.68,2,8,False,True,True,False,False,True,False,False,False,True,False,False,False,False
3.91,2.0,7.82,17,6,False,True,True,False,False,False,True,False,False,False,False,False,True,False
2.55,1.5,3.82,11,7,False,True,False,True,False,False,False,False,False,False,False,False,False,False
4.82,2.0,9.64,9,8,False,True,True,False,False,False,True,False,False,True,False,False,False,False
3.53,8.0,28.24,23,7,True,False,False,False,False,True,False,False,False,False,False,False,False,True
1.86,2.0,3.72,8,7,True,False,True,False,False,True,False,False,False,False,False,False,True,False
3.07,2.0,6.14,1,7,False,False,True,False,False,False,True,False,False,False,False,False,True,False
1.73,3.0,5.19,11,7,False,False,False,False,True,False,False,True,False,False,False,False,False,False
0.49,2.0,0.98,24,6,True,False,True,False,False,True,False,False,False,False,False,False,True,False
2.41,1.5,3.62,30,6,False,True,False,True,False,True,False,False,True,False,False,False,False,False
1.83,3.0,5.49,18,6,True,False,False,False,True,False,False,False,False,False,False,False,False,True
1.95,3.0,5.85,22,6,True,False,False,False,True,True,False,False,False,False,True,False,False,False
2.7,3.0,8.1,19,7,False,True,False,False,True,False,False,True,False,True,False,False,False,False
1.78,2.0,3.56,2,7,False,True,True,False,False,False,False,False,False,False,False,False,False,True
0.23,2.0,0.46,28,6,False,False,True,False,False,False,True,False,False,True,False,False,False,False
1.9,3.0,5.7,1,7,False,True,False,False,True,True,False,False,False,False,False,False,True,False
4.19,1.5,6.29,30,7,False,False,False,True,False,False,False,True,False,False,False,False,False,True
3.0,8.0,24.0,22,7,True,False,False,False,False,False,True,False,False,False,False,False,True,False
1.07,8.0,8.56,15,7,False,False,False,False,False,False,False,True,False,False,False,False,True,False
1.42,8.0,11.36,5,8,False,False,False,False,False,False,False,True,False,False,False,False,True,False
2.5,1.5,3.75,26,7,False,True,False,True,False,False,True,False,False,True,False,False,False,False
2.09,2.0,4.18,24,7,False,False,True,False,False,False,False,False,False,False,False,True,False,False
4.47,8.0,35.76,27,6,True,False,False,False,False,False,False,True,False,False,False,False,False,False
2.72,2.0,5.44,18,7,False,True,True,False,False,False,False,False,False,False,False,False,False,False
0.31,3.0,0.93,10,7,True,False,False,False,True,True,False,False,False,False,False,True,False,False
2.88,3.0,8.64,27,6,False,False,False,False,True,False,True,False,False,False,False,False,False,False
2.74,8.0,21.92,17,7,False,True,False,False,False,True,False,False,False,False,False,True,False,False
4.81,2.0,9.62,8,7,False,True,True,False,False,False,True,False,False,False,False,False,True,False
1.64,1.5,2.46,23,7,True,False,False,True,False,False,False,False,False,False,False,False,False,True
3.61,3.0,10.83,8,8,False,True,False,False,True,False,False,False,False,False,False,False,False,False
1.52,2.0,3.04,2,7,True,False,True,False,False,False,False,True,False,False,False,False,False,True
4.43,3.0,13.29,28,7,False,False,False,False,True,True,False,False,True,False,False,False,False,False
4.38,8.0,35.04,2,7,False,False,False,False,False,True,False,False,False,False,False,False,False,True
0.83,8.0,6.64,10,7,False,False,False,False,False,False,True,False,False,False,False,True,False,False
1.92,3.0,5.76,18,7,True,False,False,False,True,False,False,True,False,False,False,False,False,False
1.24,8.0,9.92,26,7,False,True,False,False,False,False,False,True,False,True,False,False,False,False
2.62,1.5,3.93,31,7,False,True,False,True,False,False,False,True,False,False,False,True,False,False
1.03,1.5,1.54,2,8,False,True,False,True,False,False,False,True,False,True,False,False,False,False
0.58,3.0,1.74,13,6,False,True,False,False,True,False,False,True,False,False,False,False,False,False
2.31,1.5,3.46,8,8,True,False,False,True,False,False,False,True,False,False,False,False,False,False
1.84,2.0,3.68,24,7,False,True,True,False,False,False,False,False,False,False,False,True,False,False
4.79,1.5,7.19,29,6,False,True,False,True,False,True,False,False,False,False,True,False,False,False
2.48,1.5,3.72,30,7,True,False,False,True,False,False,True,False,False,False,False,False,False,True
4.68,1.5,7.02,9,7,False,False,False,True,False,False,False,False,False,False,False,False,False,True
1.64,1.5,2.46,1,7,True,False,False,True,False,False,False,True,False,False,False,False,True,False
3.36,1.5,5.04,18,6,False,True,False,True,False,False,False,False,False,False,False,False,False,True
0.25,1.5,0.38,1,7,True,False,False,True,False,False,True,False,False,False,False,False,True,False
0.86,1.5,1.29,11,7,True,False,False,True,False,False,True,False,False,False,False,False,False,False
1.28,3.0,3.84,25,6,False,False,False,False,True,False,True,False,False,False,False,False,False,True
4.04,1.5,6.06,28,6,False,False,False,True,False,False,True,False,False,True,False,False,False,False
2.61,8.0,20.88,21,7,False,False,False,False,False,False,False,False,True,False,False,False,False,False
2.56,3.0,7.68,29,7,True,False,False,False,True,False,False,True,False,False,False,False,True,False
1.3,1.5,1.95,22,7,True,False,False,True,False,False,False,True,False,False,False,False,True,False
4.9,2.0,9.8,1,7,False,True,True,False,False,False,True,False,False,False,False,False,True,False
2.77,8.0,22.16,6,7,True,False,False,False,False,False,False,False,False,False,True,False,False,False
0.33,8.0,2.64,7,8,False,False,False,False,False,False,False,False,False,False,False,True,False,False
3.2,3.0,9.6,3,8,True,False,False,False,True,False,False,True,False,False,True,False,False,False
0.93,2.0,1.86,13,6,True,False,True,False,False,False,False,True,False,False,False,False,False,False
4.31,8.0,34.48,15,6,False,True,False,False,False,False,True,False,False,False,True,False,False,False
4.46,1.5,6.69,31,7,False,False,False,True,False,False,False,False,False,False,False,True,False,False
0.57,3.0,1.71,18,6,False,True,False,False,True,False,True,False,False,False,False,False,False,True
4.18,1.5,6.27,4,8,False,False,False,True,False,True,False,False,True,False,False,False,False,False
3.87,8.0,30.96,18,6,False,False,False,False,False,False,True,False,False,False,False,False,False,True
2.33,3.0,6.99,21,7,True,False,False,False,True,False,True,False,True,False,False,False,False,False
4.94,3.0,14.82,11,6,False,True,False,False,True,True,False,False,False,False,False,False,False,True
3.51,1.5,5.26,25,6,True,False,False,True,False,True,False,False,False,False,False,False,False,True
1.17,8.0,9.36,5,7,False,False,False,False,False,True,False,False,False,True,False,False,False,False
3.73,1.5,5.59,22,7,False,False,False,True,False,False,False,True,False,False,False,False,True,False
3.63,1.5,5.45,29,6,False,False,False,True,False,True,False,False,False,False,True,False,False,False
2.51,8.0,20.08,26,7,False,True,False,False,False,False,True,False,False,True,False,False,False,False
1.41,8.0,11.28,26,7,False,False,False,False,False,False,False,False,False,True,False,False,False,False
1.72,3.0,5.16,11,6,False,False,False,False,True,False,True,False,False,False,False,False,False,True
3.81,2.0,7.62,30,7,False,False,True,False,False,True,False,False,False,False,False,False,False,True
0.87,8.0,6.96,27,7,False,False,False,False,False,True,False,False,False,False,True,False,False,False
2.84,8.0,22.72,7,8,False,True,False,False,False,True,False,False,False,False,False,True,False,False
1.21,3.0,3.63,19,7,False,False,False,False,True,False,True,False,False,True,False,False,False,False
2.85,8.0,22.8,27,6,False,True,False,False,False,False,True,False,False,False,False,False,False,False
4.36,1.5,6.54,8,7,False,True,False,True,False,False,False,False,False,False,False,False,True,False
2.19,3.0,6.57,26,6,True,False,False,False,True,False,False,False,False,False,False,True,False,False
4.38,3.0,13.14,24,6,False,False,False,False,True,False,False,False,False,False,False,False,True,False
0.28,3.0,0.84,12,6,True,False,False,False,True,False,False,True,False,False,False,True,False,False
0.84,3.0,2.52,22,7,False,False,False,False,True,False,True,False,False,False,False,False,True,False
2.27,8.0,18.16,13,6,True,False,False,False,False,False,False,False,False,False,False,False,False,False
1.45,2.0,2.9,16,7,False,True,True,False,False,False,False,True,False,False,False,False,False,True
4.4,1.5,6.6,28,6,False,True,False,True,False,False,True,False,False,True,False,False,False,False
0.4,1.5,0.6,17,6,True,False,False,True,False,False,False,False,False,False,False,False,True,False
3.95,1.5,5.93,2,8,True,False,False,True,False,False,False,False,False,True,False,False,False,False
3.35,2.0,6.7,6,8,False,False,True,False,False,False,False,True,False,False,False,False,False,True
2.14,2.0,4.28,7,7,True,False,True,False,False,True,False,False,True,False,False,False,False,False
3.11,1.5,4.67,15,7,True,False,False,True,False,True,False,False,False,False,False,False,True,False
0.34,8.0,2.72,9,8,False,False,False,False,False,True,False,False,False,True,False,False,False,False
4.09,3.0,12.27,11,6,False,False,False,False,True,False,False,True,False,False,False,False,False,True
1.08,1.5,1.62,5,8,False,True,False,True,False,True,False,False,False,False,False,False,True,False
0.46,1.5,0.69,30,6,True,False,False,True,False,False,False,False,True,False,False,False,False,False
0.79,1.5,1.19,15,6,False,True,False,True,False,True,False,False,False,False,True,False,False,False
1.89,2.0,3.78,20,7,False,True,True,False,False,False,False,True,False,False,True,False,False,False
3.4,1.5,5.1,15,6,True,False,False,True,False,False,False,False,False,False,True,False,False,False
2.34,3.0,7.02,8,8,True,False,False,False,True,True,False,False,False,False,False,False,False,False
2.65,3.0,7.95,5,7,False,True,False,False,True,False,False,True,False,True,False,False,False,False
4.25,2.0,8.5,21,7,False,False,True,False,False,False,False,True,True,False,False,False,False,False
2.28,8.0,18.24,27,6,True,False,False,False,False,True,False,False,False,False,False,False,False,False
4.04,1.5,6.06,24,7,False,True,False,True,False,False,True,False,False,False,False,True,False,False
1.58,2.0,3.16,29,6,False,False,True,False,False,False,False,False,False,False,True,False,False,False
0.59,8.0,4.72,19,7,True,False,False,False,False,False,True,False,False,True,False,False,False,False
1.39,3.0,4.17,15,7,False,True,False,False,True,False,True,False,False,False,False,False,True,False
4.29,2.0,8.58,21,6,True,False,True,False,False,True,False,False,False,True,False,False,False,False
3.51,8.0,28.08,13,7,False,False,False,False,False,False,True,False,False,False,True,False,False,False
2.26,8.0,18.08,19,7,True,False,False,False,False,False,False,False,False,True,False,False,False,False
3.88,8.0,31.04,23,6,False,True,False,False,False,True,False,False,True,False,False,False,False,False
2.94,1.5,4.41,15,6,False,False,False,True,False,False,False,False,False,False,True,False,False,False
2.19,8.0,17.52,7,7,False,True,False,False,False,False,False,True,True,False,False,False,False,False
1.12,2.0,2.24,17,6,False,False,True,False,False,False,False,False,False,False,False,False,True,False
1.47,3.0,4.41,30,6,True,False,False,False,True,True,False,False,True,False,False,False,False,False
3.53,8.0,28.24,7,8,False,False,False,False,False,False,False,True,False,False,False,True,False,False
3.35,1.5,5.03,1,8,True,False,False,True,False,False,False,True,False,False,False,False,False,False
3.13,2.0,6.26,8,8,False,False,True,False,False,True,False,False,False,False,False,False,False,False
1.01,2.0,2.02,4,7,False,True,True,False,False,False,False,False,False,False,False,False,False,False
1.92,3.0,5.76,24,7,True,False,False,False,True,False,False,False,False,False,False,True,False,False
0.56,8.0,4.48,22,6,False,True,False,False,False,True,False,False,False,False,True,False,False,False
1.79,2.0,3.58,14,6,False,False,True,False,False,False,False,True,False,True,False,False,False,False
3.13,1.5,4.7,19,6,True,False,False,True,False,False,False,False,False,False,False,True,False,False
2.62,3.0,7.86,30,6,False,False,False,False,True,False,True,False,True,False,False,False,False,False
0.73,2.0,1.46,2,8,True,False,True,False,False,False,False,True,False,True,False,False,False,False
2.6,8.0,20.8,20,6,True,False,False,False,False,False,False,True,False,False,False,False,False,False
2.47,2.0,4.94,9,8,False,False,True,False,False,False,True,False,False,True,False,False,False,False
0.36,2.0,0.72,16,7,False,False,True,False,False,False,False,True,False,False,False,False,False,True
4.96,3.0,14.88,25,7,True,False,False,False,True,False,True,False,False,False,False,False,False,False
1.88,3.0,5.64,8,8,False,False,False,False,True,False,True,False,False,False,False,False,False,False
3.16,1.5,4.74,12,7,True,False,False,True,False,False,False,False,False,True,False,False,False,False
4.96,1.5,7.44,11,7,False,True,False,True,False,False,False,True,False,False,False,False,False,False
3.32,8.0,26.56,22,6,False,True,False,False,False,False,True,False,False,False,True,False,False,False
2.56,1.5,3.84,22,7,False,True,False,True,False,True,False,False,False,False,False,False,True,False
0.41,3.0,1.23,6,7,False,False,False,False,True,False,False,False,False,False,True,False,False,False
4.11,3.0,12.33,19,6,False,False,False,False,True,True,False,False,False,False,False,True,False,False
0.98,3.0,2.94,23,6,False,False,False,False,True,False,False,False,True,False,False,False,False,False
3.56,8.0,28.48,15,7,True,False,False,False,False,True,False,False,False,False,False,False,True,False
2.06,8.0,16.48,6,8,False,True,False,False,False,True,False,False,False,False,False,False,False,True
1.08,2.0,2.16,22,7,True,False,True,False,False,True,False,False,False,False,False,False,True,False
2.47,2.0,4.94,25,7,True,False,True,False,False,False,False,False,False,False,False,False,False,False
3.64,3.0,10.92,22,7,False,False,False,False,True,False,False,False,False,False,False,False,True,False
0.77,1.5,1.16,5,8,False,False,False,True,False,False,False,True,False,False,False,False,True,False
2.08,1.5,3.12,15,7,False,False,False,True,False,True,False,False,False,False,False,False,True,False
0.69,2.0,1.38,28,6,False,False,True,False,False,True,False,False,False,True,False,False,False,False
0.44,8.0,3.52,22,7,False,True,False,False,False,False,False,True,False,False,False,False,True,False
1.68,8.0,13.44,22,7,False,True,False,False,False,False,False,False,False,False,False,False,True,False
3.14,1.5,4.71,8,8,False,False,False,True,False,False,False,True,False,False,False,False,False,False
0.19,3.0,0.57,1,7,True,False,False,False,True,False,False,True,False,False,False,False,True,False
0.59,2.0,1.18,7,7,False,False,True,False,False,False,False,False,True,False,False,False,False,False
1.28,2.0,2.56,14,6,False,False,True,False,False,False,False,False,False,True,False,False,False,False
3.66,2.0,7.32,24,6,True,False,True,False,False,False,True,False,False,False,False,False,True,False
1.08,1.5,1.62,4,8,False,False,False,True,False,False,False,False,True,False,False,False,False,False
4.37,3.0,13.11,13,6,True,False,False,False,True,False,False,True,False,False,False,False,False,False
3.75,8.0,30.0,3,8,False,False,False,False,False,True,False,False,False,False,True,False,False,False
3.42,3.0,10.26,2,7,True,False,False,False,True,True,False,False,False,False,False,False,False,True
4.78,2.0,9.56,20,7,False,True,True,False,False,False,False,False,False,False,True,False,False,False
1.43,8.0,11.44,19,6,True,False,False,False,False,True,False,False,False,False,False,True,False,False
2.69,2.0,5.38,15,7,False,True,True,False,False,False,False,True,False,False,False,False,True,False
2.79,3.0,8.37,16,7,True,False,False,False,True,False,False,False,False,False,False,False,False,True
4.59,1.5,6.88,27,6,False,True,False,True,False,False,False,True,False,False,False,False,False,False
2.28,8.0,18.24,29,7,False,True,False,False,False,True,False,False,False,False,False,False,True,False
4.92,1.5,7.38,23,6,True,False,False,True,False,True,False,False,True,False,False,False,False,False
0.18,3.0,0.54,8,7,False,True,False,False,True,True,False,False,False,False,False,False,True,False
3.61,1.5,5.42,8,8,False,True,False,True,False,False,False,True,False,False,False,False,False,False
4.31,1.5,6.46,17,6,False,False,False,True,False,True,False,False,False,False,False,False,True,False
0.13,8.0,1.04,19,6,False,True,False,False,False,False,False,False,False,False,False,True,False,False
4.08,2.0,8.16,12,6,True,False,True,False,False,False,True,False,False,False,False,True,False,False
1.45,3.0,4.35,30,7,True,False,False,False,True,False,False,True,False,False,False,False,False,True
1.42,2.0,2.84,17,7,True,False,True,False,False,False,False,True,False,False,False,True,False,False
2.45,3.0,7.35,10,8,False,False,False,False,True,False,False,False,False,False,True,False,False,False
4.53,1.5,6.79,13,6,True,False,False,True,False,False,False,False,False,False,False,False,False,False
2.68,8.0,21.44,22,6,True,False,False,False,False,False,False,True,False,False,True,False,False,False
0.78,2.0,1.56,24,7,False,True,True,False,False,False,False,True,False,False,False,True,False,False
2.76,8.0,22.08,12,6,False,True,False,False,False,False,False,True,False,False,False,True,False,False
1.04,3.0,3.12,10,7,False,False,False,False,True,False,True,False,False,False,False,True,False,False
4.61,1.5,6.92,31,7,False,False,False,True,False,True,False,False,False,False,False,True,False,False
3.19,3.0,9.57,3,8,True,False,False,False,True,False,False,False,False,False,True,False,False,False
4.06,2.0,8.12,5,7,True,False,True,False,False,True,False,False,False,True,False,False,False,False
2.76,2.0,5.52,26,6,False,False,True,False,False,True,False,False,False,False,False,True,False,False
2.45,3.0,7.35,8,7,False,True,False,False,True,False,False,False,False,False,False,False,True,False
3.27,3.0,9.81,2,8,False,False,False,False,True,False,False,False,False,True,False,False,False,False
0.75,1.5,1.12,19,7,False,True,False,True,False,False,True,False,False,True,False,False,False,False
3.46,8.0,27.68,16,6,False,True,False,False,False,False,False,True,True,False,False,False,False,False
3.25,2.0,6.5,7,8,False,True,True,False,False,False,True,False,False,False,False,True,False,False
1.02,2.0,2.04,31,7,False,True,True,False,False,False,True,False,False,False,False,True,False,False
4.25,2.0,8.5,9,7,False,True,True,False,False,False,False,True,False,False,False,False,False,True
0.14,1.5,0.21,19,7,False,True,False,True,False,False,False,True,False,True,False,False,False,False
4.69,1.5,7.04,8,7,False,True,False,True,False,True,False,False,False,False,False,False,True,False
1.19,8.0,9.52,8,8,False,True,False,False,False,True,False,False,False,False,False,False,False,False
4.13,2.0,8.26,25,7,False,False,True,False,False,True,False,False,False,False,False,False,False,False
4.85,1.5,7.27,18,6,True,False,False,True,False,True,False,False,False,False,False,False,False,True
0.3,2.0,0.6,20,7,True,False,True,False,False,True,False,False,False,False,True,False,False,False
1.45,8.0,11.6,17,6,True,False,False,False,False,False,False,True,False,False,False,False,True,False
4.72,2.0,9.44,28,7,True,False,True,False,False,False,False,False,True,False,False,False,False,False
0.79,3.0,2.37,27,7,True,False,False,False,True,False,False,False,False,False,True,False,False,False
2.28,2.0,4.56,14,7,False,True,True,False,False,True,False,False,True,False,False,False,False,False
2.35,3.0,7.05,4,7,False,False,False,False,True,False,False,True,False,False,False,False,False,False
4.26,3.0,12.78,7,8,False,True,False,False,True,False,True,False,False,False,False,True,False,False
3.54,1.5,5.31,21,7,False,True,False,True,False,True,False,False,True,False,False,False,False,False
3.89,1.5,5.83,26,7,True,False,False,True,False,False,True,False,False,True,False,False,False,False
4.48,1.5,6.72,1,8,False,False,False,True,False,False,True,False,False,False,False,False,False,False
2.13,3.0,6.39,8,7,True,False,False,False,True,False,False,True,False,False,False,False,True,False
2.66,2.0,5.32,17,6,True,False,True,False,False,False,False,False,False,False,False,False,True,False
1.11,1.5,1.67,14,7,True,False,False,True,False,False,False,False,True,False,False,False,False,False
4.7,3.0,14.1,30,7,True,False,False,False,True,False,False,False,False,False,False,False,False,True
2.97,2.0,5.94,23,7,True,False,True,False,False,False,False,True,False,False,False,False,False,True
0.76,8.0,6.08,15,7,True,False,False,False,False,False,True,False,False,False,False,False,True,False
3.57,3.0,10.71,21,7,False,True,False,False,True,True,False,False,True,False,False,False,False,False
2.5,2.0,5.0,16,6,False,True,True,False,False,True,False,False,True,False,False,False,False,False
3.52,1.5,5.28,28,7,True,False,False,True,False,True,False,False,True,False,False,False,False,False
1.93,1.5,2.9,23,7,False,True,False,True,False,True,False,False,False,False,False,False,False,True
2.59,8.0,20.72,25,6,False,True,False,False,False,False,False,False,False,False,False,False,False,True
4.32,8.0,34.56,29,6,True,False,False,False,False,True,False,False,False,False,True,False,False,False
3.66,3.0,10.98,23,7,False,False,False,False,True,False,True,False,False,False,False,False,False,True
2.87,3.0,8.61,13,6,True,False,False,False,True,False,True,False,False,False,False,False,False,False
2.73,8.0,21.84,20,7,True,False,False,False,False,False,False,True,False,False,True,False,False,False
1.25,2.0,2.5,19,7,False,False,True,False,False,True,False,False,False,True,False,False,False,False
0.46,8.0,3.68,13,7,True,False,False,False,False,True,False,False,False,False,True,False,False,False
4.35,1.5,6.52,17,6,False,True,False,True,False,False,False,True,False,False,False,False,True,False
1.51,8.0,12.08,24,6,False,True,False,False,False,False,False,True,False,False,False,False,True,False
2.52,1.5,3.78,28,7,False,False,False,True,False,True,False,False,True,False,False,False,False,False
0.79,3.0,2.37,22,6,False,True,False,False,True,False,False,True,False,False,True,False,False,False
4.28,2.0,8.56,13,6,False,True,True,False,False,False,False,False,False,False,False,False,False,False
4.51,1.5,6.76,22,6,False,False,False,True,False,False,False,False,False,False,True,False,False,False
0.17,2.0,0.34,15,6,True,False,True,False,False,False,False,False,False,False,True,False,False,False
4.95,1.5,7.43,26,6,False,False,False,True,False,False,False,False,False,False,False,True,False,False
2.55,3.0,7.65,3,8,False,True,False,False,True,False,False,False,False,False,True,False,False,False
1.38,3.0,4.14,2,8,False,False,False,False,True,False,True,False,False,True,False,False,False,False
4.45,8.0,35.6,10,7,True,False,False,False,False,False,True,False,False,False,False,True,False,False
3.47,3.0,10.41,28,7,False,False,False,False,True,False,False,True,True,False,False,False,False,False
3.65,3.0,10.95,11,7,False,True,False,False,True,False,False,False,False,False,False,False,False,False
2.72,2.0,5.44,4,8,True,False,True,False,False,False,False,True,True,False,False,False,False,False
0.99,3.0,2.97,28,6,False,True,False,False,True,False,False,True,False,True,False,False,False,False
1.61,8.0,12.88,15,6,False,False,False,False,False,False,False,False,False,False,True,False,False,False
1.77,2.0,3.54,11,7,False,True,True,False,False,False,True,False,False,False,False,False,False,False
2.81,3.0,8.43,30,6,True,False,False,False,True,False,False,False,True,False,False,False,False,False
4.4,8.0,35.2,23,7,False,False,False,False,False,True,False,False,False,False,False,False,False,True
3.28,8.0,26.24,14,7,True,False,False,False,False,False,False,True,True,False,False,False,False,False
3.82,8.0,30.56,13,6,False,True,False,False,False,True,False,False,False,False,False,False,False,False
4.97,8.0,39.76,24,6,False,True,False,False,False,True,False,False,False,False,False,False,True,False
1.64,3.0,4.92,19,7,True,False,False,False,True,False,False,True,False,True,False,False,False,False
3.21,1.5,4.81,11,6,False,False,False,True,False,False,False,False,False,False,False,False,False,True
2.74,3.0,8.22,12,6,False,True,False,False,True,False,True,False,False,False,False,True,False,False
4.93,1.5,7.39,17,7,False,True,False,True,False,False,True,False,False,False,False,True,False,False
0.53,1.5,0.8,20,6,True,False,False,True,False,False,False,False,False,False,False,False,False,False
0.55,8.0,4.4,11,6,False,False,False,False,False,True,False,False,False,False,False,False,False,True
0.18,3.0,0.54,6,7,True,False,False,False,True,False,False,True,False,False,True,False,False,False
1.63,1.5,2.44,30,6,False,False,False,True,False,True,False,False,True,False,False,False,False,False
3.39,2.0,6.78,15,6,True,False,True,False,False,True,False,False,False,False,True,False,False,False
0.77,1.5,1.16,3,7,False,False,False,True,False,True,False,False,False,False,False,True,False,False
1.58,3.0,4.74,16,6,False,False,False,False,True,False,False,False,True,False,False,False,False,False
2.81,3.0,8.43,29,7,True,False,False,False,True,False,False,False,False,False,False,False,True,False
3.76,2.0,7.52,5,7,False,False,True,False,False,False,True,False,False,True,False,False,False,False
0.25,1.5,0.38,1,8,False,False,False,True,False,False,False,False,False,False,False,False,False,False
0.62,3.0,1.86,12,7,True,False,False,False,True,True,False,False,False,True,False,False,False,False
2.02,8.0,16.16,14,7,False,True,False,False,False,True,False,False,True,False,False,False,False,False
0.39,1.5,0.58,6,8,False,True,False,True,False,False,False,True,False,False,False,False,False,True
4.33,2.0,8.66,28,7,False,False,True,False,False,False,False,True,True,False,False,False,False,False
4.04,8.0,32.32,1,8,True,False,False,False,False,False,False,False,False,False,False,False,False,False
0.48,8.0,3.84,22,7,False,True,False,False,False,True,False,False,False,False,False,False,True,False
1.11,8.0,8.88,28,7,True,False,False,False,False,True,False,False,True,False,False,False,False,False
1.3,1.5,1.95,22,7,False,False,False,True,False,True,False,False,False,False,False,False,True,False
4.96,8.0,39.68,17,7,True,False,False,False,False,False,False,False,False,False,False,True,False,False
1.03,8.0,8.24,8,7,False,False,False,False,False,False,True,False,False,False,False,False,True,False
1.64,8.0,13.12,13,7,False,False,False,False,False,True,False,False,False,False,True,False,False,False
4.03,3.0,12.09,23,6,True,False,False,False,True,False,False,True,True,False,False,False,False,False
1.32,3.0,3.96,27,7,True,False,False,False,True,False,False,True,False,False,True,False,False,False
0.75,8.0,6.0,12,7,False,False,False,False,False,True,False,False,False,True,False,False,False,False
3.28,3.0,9.84,13,6,False,False,False,False,True,False,False,True,False,False,False,False,False,False
3.8,8.0,30.4,5,7,False,True,False,False,False,False,False,False,False,True,False,False,False,False
0.63,2.0,1.26,15,6,True,False,True,False,False,False,True,False,False,False,True,False,False,False
2.59,3.0,7.77,12,6,False,True,False,False,True,False,False,False,False,False,False,True,False,False
3.48,3.0,10.44,5,8,False,False,False,False,True,False,False,False,False,False,False,False,True,False
3.46,2.0,6.92,24,7,False,False,True,False,False,False,True,False,False,False,False,True,False,False
1.31,2.0,2.62,22,6,False,False,True,False,False,False,True,False,False,False,True,False,False,False
2.23,8.0,17.84,13,6,False,True,False,False,False,False,False,True,False,False,False,False,False,False
0.77,8.0,6.16,25,7,False,True,False,False,False,True,False,False,False,False,False,False,False,False
2.07,3.0,6.21,7,7,False,False,False,False,True,True,False,False,True,False,False,False,False,False
2.14,3.0,6.42,31,7,False,True,False,False,True,True,False,False,False,False,False,True,False,False
2.41,2.0,4.82,22,7,False,False,True,False,False,False,True,False,False,False,False,False,True,False
3.08,2.0,6.16,31,7,False,False,True,False,False,False,False,False,False,False,False,True,False,False
2.35,3.0,7.05,7,8,True,False,False,False,True,True,False,False,False,False,False,True,False,False
0.3,1.5,0.45,24,7,False,False,False,True,False,False,True,False,False,False,False,True,False,False
4.09,2.0,8.18,21,6,False,False,True,False,False,True,False,False,False,True,False,False,False,False
4.37,3.0,13.11,15,7,False,True,False,False,True,True,False,False,False,False,False,False,True,False
1.56,1.5,2.34,4,8,False,True,False,True,False,False,False,False,True,False,False,False,False,False
4.83,3.0,14.49,1,8,False,True,False,False,True,False,False,False,False,False,False,False,False,False
2.43,3.0,7.29,29,7,True,False,False,False,True,False,True,False,False,False,False,False,True,False
2.31,3.0,6.93,17,7,True,False,False,False,True,False,False,True,False,False,False,True,False,False
2.93,3.0,8.79,30,6,False,False,False,False,True,True,False,False,True,False,False,False,False,False
3.0,3.0,9.0,15,7,False,False,False,False,True,False,False,True,False,False,False,False,True,False
3.88,3.0,11.64,2,7,False,True,False,False,True,False,False,False,False,False,False,False,False,True
3.09,3.0,9.27,2,7,False,True,False,False,True,True,False,False,False,False,False,False,False,True
2.14,3.0,6.42,29,6,False,True,False,False,True,False,False,False,False,False,True,False,False,False
2.54,1.5,3.81,8,7,True,False,False,True,False,True,False,False,False,False,False,False,True,False
0.37,2.0,0.74,26,7,False,False,True,False,False,True,False,False,False,True,False,False,False,False
4.08,2.0,8.16,18,6,False,True,True,False,False,False,False,True,False,False,False,False,False,True
0.27,8.0,2.16,25,7,False,False,False,False,False,False,False,True,False,False,False,False,False,False
1.87,1.5,2.81,11,6,False,True,False,True,False,False,True,False,False,False,False,False,False,True
1.62,8.0,12.96,20,6,True,False,False,False,False,False,True,False,False,False,False,False,False,False
3.29,8.0,26.32,21,6,True,False,False,False,False,False,False,True,False,True,False,False,False,False
1.34,8.0,10.72,26,6,False,False,False,False,False,True,False,False,False,False,False,True,False,False
1.29,1.5,1.94,12,6,False,False,False,True,False,True,False,False,False,False,False,True,False,False
1.19,3.0,3.57,24,6,False,False,False,False,True,False,False,True,False,False,False,False,True,False
0.17,3.0,0.51,17,6,False,False,False,False,True,False,False,True,False,False,False,False,True,False
1.03,2.0,2.06,4,8,False,False,True,False,False,False,True,False,True,False,False,False,False,False
3.17,2.0,6.34,7,7,False,True,True,False,False,False,False,True,True,False,False,False,False,False
2.89,1.5,4.33,3,8,False,True,False,True,False,False,True,False,False,False,True,False,False,False
1.33,2.0,2.66,24,6,False,False,True,False,False,False,False,False,False,False,False,False,True,False
1.66,1.5,2.49,23,7,True,False,False,True,False,True,False,False,False,False,False,False,False,True
4.71,2.0,9.42,7,7,True,False,True,False,False,False,False,False,True,False,False,False,False,False
4.11,8.0,32.88,2,7,True,False,False,False,False,False,True,False,False,False,False,False,False,True
1.69,2.0,3.38,18,6,False,False,True,False,False,False,False,False,False,False,False,False,False,True
0.68,1.5,1.02,11,6,True,False,False,True,False,False,False,True,False,False,False,False,False,True
2.4,3.0,7.2,13,6,False,False,False,False,True,False,True,False,False,False,False,False,False,False
4.68,1.5,7.02,3,7,False,True,False,True,False,True,False,False,False,False,False,True,False,False
3.49,2.0,6.98,4,7,True,False,True,False,False,False,True,False,False,False,False,False,False,False
3.42,8.0,27.36,4,8,False,False,False,False,False,False,True,False,True,False,False,False,False,False
0.15,2.0,0.3,19,7,False,False,True,False,False,False,False,True,False,True,False,False,False,False
1.41,8.0,11.28,17,7,False,True,False,False,False,False,True,False,False,False,False,True,False,False
4.81,8.0,38.48,3,7,True,False,False,False,False,False,False,True,False,False,False,True,False,False
0.6,2.0,1.2,22,7,False,False,True,False,False,False,False,False,False,False,False,False,True,False
2.3,1.5,3.45,21,6,True,False,False,True,False,False,True,False,False,True,False,False,False,False
0.57,2.0,1.14,10,7,True,False,True,False,False,True,False,False,False,False,False,True,False,False
3.84,1.5,5.76,2,8,True,False,False,True,False,False,False,True,False,True,False,False,False,False
1.26,1.5,1.89,23,6,False,True,False,True,False,False,True,False,True,False,False,False,False,False
0.13,8.0,1.04,12,7,False,False,False,False,False,False,False,False,False,True,False,False,False,False
0.6,2.0,1.2,28,7,True,False,True,False,False,True,False,False,True,False,False,False,False,False
4.41,2.0,8.82,12,6,False,False,True,False,False,False,False,True,False,False,False,True,False,False
1.35,2.0,2.7,5,8,True,False,True,False,False,False,False,True,False,False,False,False,True,False
3.99,1.5,5.99,24,6,True,False,False,True,False,False,False,True,False,False,False,False,True,False
4.91,2.0,9.82,12,6,True,False,True,False,False,False,False,True,False,False,False,True,False,False
0.64,3.0,1.92,24,6,True,False,False,False,True,False,True,False,False,False,False,False,True,False
4.5,1.5,6.75,20,7,False,False,False,True,False,False,False,True,False,False,True,False,False,False
3.03,2.0,6.06,16,6,True,False,True,False,False,False,True,False,True,False,False,False,False,False
1.9,1.5,2.85,16,7,True,False,False,True,False,True,False,False,False,False,False,False,False,True
0.43,1.5,0.65,18,6,False,True,False,True,False,True,False,False,False,False,False,False,False,True
3.62,1.5,5.43,29,6,True,False,False,True,False,False,False,False,False,False,True,False,False,False
2.23,1.5,3.34,21,7,False,False,False,True,False,False,False,True,True,False,False,False,False,False
4.04,3.0,12.12,22,7,False,True,False,False,True,False,True,False,False,False,False,False,True,False
3.2,2.0,6.4,9,8,True,False,True,False,False,True,False,False,False,True,False,False,False,False
4.99,2.0,9.98,26,6,True,False,True,False,False,False,True,False,False,False,False,True,False,False
4.87,3.0,14.61,25,7,True,False,False,False,True,False,False,True,False,False,False,False,False,False
1.33,1.5,2.0,10,8,False,True,False,True,False,False,False,False,False,False,True,False,False,False
2.81,3.0,8.43,11,6,True,False,False,False,True,False,True,False,False,False,False,False,False,True
3.0,8.0,24.0,26,7,False,False,False,False,False,False,False,True,False,True,False,False,False,False
2.7,2.0,5.4,15,6,False,False,True,False,False,False,False,True,False,False,True,False,False,False
1.84,8.0,14.72,11,7,True,False,False,False,False,False,False,False,False,False,False,False,False,False
3.26,2.0,6.52,24,7,True,False,True,False,False,True,False,False,False,False,False,True,False,False
1.49,2.0,2.98,12,6,False,True,True,False,False,True,False,False,False,False,False,True,False,False
3.04,1.5,4.56,20,7,False,False,False,True,False,False,False,False,False,False,True,False,False,False
0.55,2.0,1.1,29,7,False,True,True,False,False,False,False,False,False,False,False,False,True,False
2.7,8.0,21.6,13,6,True,False,False,False,False,False,True,False,False,False,False,False,False,False
2.29,2.0,4.58,27,6,False,True,True,False,False,False,False,True,False,False,False,False,False,False
2.86,2.0,5.72,26,7,False,True,True,False,False,True,False,False,False,True,False,False,False,False
1.55,2.0,3.1,25,7,False,True,True,False,False,False,False,False,False,False,False,False,False,False
4.36,3.0,13.08,26,6,True,False,False,False,True,True,False,False,False,False,False,True,False,False
1.93,8.0,15.44,22,6,False,False,False,False,False,False,False,True,False,False,True,False,False,False
3.34,1.5,5.01,2,7,False,False,False,True,False,False,True,False,False,False,False,False,False,True
3.67,8.0,29.36,27,7,False,True,False,False,False,True,False,False,False,False,True,False,False,False
1.26,8.0,10.08,14,6,False,True,False,False,False,True,False,False,False,True,False,False,False,False
0.58,2.0,1.16,16,6,False,False,True,False,False,False,True,False,True,False,False,False,False,False
2.71,1.5,4.06,8,7,True,False,False,True,False,False,False,False,False,False,False,False,True,False
2.11,8.0,16.88,23,7,False,False,False,False,False,False,False,False,False,False,False,False,False,True
3.55,3.0,10.65,20,6,False,False,False,False,True,False,False,True,False,False,False,False,False,False
4.13,3.0,12.39,9,7,False,False,False,False,True,False,False,True,False,False,False,False,False,True
4.57,8.0,36.56,25,7,True,False,False,False,False,False,False,False,False,False,False,False,False,False
3.9,8.0,31.2,8,7,True,False,False,False,False,False,False,False,False,False,False,False,True,False
2.59,8.0,20.72,9,8,False,False,False,False,False,False,True,False,False,True,False,False,False,False
1.17,3.0,3.51,25,7,True,False,False,False,True,True,False,False,False,False,False,False,False,False
2.04,3.0,6.12,20,6,False,False,False,False,True,False,False,False,False,False,False,False,False,False
1.02,3.0,3.06,25,7,False,False,False,False,True,False,True,False,False,False,False,False,False,False
1.88,8.0,15.04,23,6,False,False,False,False,False,False,False,False,True,False,False,False,False,False
3.37,2.0,6.74,29,7,False,True,True,False,False,False,False,True,False,False,False,False,True,False
4.54,2.0,9.08,5,8,True,False,True,False,False,True,False,False,False,False,False,False,True,False
0.77,2.0,1.54,19,7,False,True,True,False,False,False,True,False,False,True,False,False,False,False
4.9,3.0,14.7,26,6,True,False,False,False,True,False,True,False,False,False,False,True,False,False
4.24,2.0,8.48,19,6,False,False,True,False,False,True,False,False,False,False,False,True,False,False
4.43,1.5,6.64,15,6,True,False,False,True,False,False,True,False,False,False,True,False,False,False
1.37,8.0,10.96,2,8,True,False,False,False,False,False,False,True,False,True,False,False,False,False
2.15,2.0,4.3,22,7,False,True,True,False,False,False,False,False,False,False,False,False,True,False
4.29,1.5,6.44,16,6,False,True,False,True,False,False,True,False,True,False,False,False,False,False
0.8,3.0,2.4,27,6,False,False,False,False,True,False,False,False,False,False,False,False,False,False
4.98,8.0,39.84,26,7,False,False,False,False,False,True,False,False,False,True,False,False,False,False
1.58,8.0,12.64,20,6,False,False,False,False,False,True,False,False,False,False,False,False,False,False
0.64,8.0,5.12,25,6,False,False,False,False,False,False,False,False,False,False,False,False,False,True
4.45,8.0,35.6,16,6,False,False,False,False,False,False,True,False,True,False,False,False,False,False
2.97,8.0,23.76,26,7,True,False,False,False,False,False,True,False,False,True,False,False,False,False
4.95,3.0,14.85,13,7,True,False,False,False,True,True,False,False,False,False,True,False,False,False
1.86,3.0,5.58,25,7,False,True,False,False,True,False,False,True,False,False,False,False,False,False
2.62,8.0,20.96,24,7,False,True,False,False,False,False,False,False,False,False,False,True,False,False
1.38,8.0,11.04,3,8,False,False,False,False,False,False,True,False,False,False,True,False,False,False
3.24,2.0,6.48,2,8,False,False,True,False,False,False,True,False,False,True,False,False,False,False
0.11,3.0,0.33,5,8,True,False,False,False,True,False,False,False,False,False,False,False,True,False
4.18,2.0,8.36,20,6,False,True,True,False,False,False,False,False,False,False,False,False,False,False
0.25,8.0,2.0,11,7,False,True,False,False,False,False,False,True,False,False,False,False,False,False
2.34,2.0,4.68,25,6,True,False,True,False,False,False,False,True,False,False,False,False,False,True
4.22,1.5,6.33,29,7,True,False,False,True,False,False,False,False,False,False,False,False,True,False
1.6,3.0,4.8,3,8,False,False,False,False,True,True,False,False,False,False,True,False,False,False
4.82,2.0,9.64,23,7,True,False,True,False,False,False,False,False,False,False,False,False,False,True
3.45,8.0,27.6,20,7,False,True,False,False,False,False,False,True,False,False,True,False,False,False
1.31,2.0,2.62,5,7,False,True,True,False,False,False,False,False,False,True,False,False,False,False
2.9,3.0,8.7,12,6,True,False,False,False,True,False,False,False,False,False,False,True,False,False
2.23,2.0,4.46,30,7,False,False,True,False,False,False,False,True,False,False,False,False,False,True
4.87,2.0,9.74,11,7,False,True,True,False,False,True,False,False,False,False,False,False,False,False
2.69,8.0,21.52,20,7,False,True,False,False,False,True,False,False,False,False,True,False,False,False
4.09,2.0,8.18,15,7,True,False,True,False,False,True,False,False,False,False,False,False,True,False
4.24,2.0,8.48,22,7,True,False,True,False,False,False,False,False,False,False,False,False,True,False
1.73,1.5,2.59,20,6,True,False,False,True,False,False,True,False,False,False,False,False,False,False
3.11,8.0,24.88,21,6,True,False,False,False,False,True,False,False,False,True,False,False,False,False
2.06,2.0,4.12,19,6,False,True,True,False,False,True,False,False,False,False,False,True,False,False
1.9,2.0,3.8,19,6,False,False,True,False,False,False,False,False,False,False,False,True,False,False
2.05,8.0,16.4,30,7,False,True,False,False,False,True,False,False,False,False,False,False,False,True
3.91,2.0,7.82,25,7,True,False,True,False,False,False,True,False,False,False,False,False,False,False
1.3,8.0,10.4,15,7,False,False,False,False,False,False,False,False,False,False,False,False,True,False
3.39,2.0,6.78,8,8,False,False,True,False,False,False,True,False,False,False,False,False,False,False
2.68,2.0,5.36,25,6,False,True,True,False,False,False,False,False,False,False,False,False,False,True
3.65,2.0,7.3,6,7,True,False,True,False,False,False,True,False,False,False,True,False,False,False
1.45,3.0,4.35,12,6,False,False,False,False,True,False,False,True,False,False,False,True,False,False
0.85,2.0,1.7,28,6,True,False,True,False,False,True,False,False,False,True,False,False,False,False
4.94,3.0,14.82,5,8,True,False,False,False,True,False,False,True,False,False,False,False,True,False
3.51,3.0,10.53,31,7,False,False,False,False,True,False,False,True,False,False,False,True,False,False
3.68,3.0,11.04,7,7,False,False,False,False,True,False,False,True,True,False,False,False,False,False
3.97,1.5,5.96,15,6,False,True,False,True,False,False,False,True,False,False,True,False,False,False
4.6,8.0,36.8,26,7,True,False,False,False,False,False,False,False,False,True,False,False,False,False
4.35,8.0,34.8,18,6,True,False,False,False,False,True,False,False,False,False,False,False,False,True
0.91,2.0,1.82,19,7,False,False,True,False,False,False,False,False,False,True,False,False,False,False
3.86,3.0,11.58,1,8,False,True,False,False,True,False,True,False,False,False,False,False,False,False
2.42,2.0,4.84,8,8,False,True,True,False,False,False,False,False,False,False,False,False,False,False
3.39,8.0,27.12,2,8,True,False,False,False,False,True,False,False,False,True,False,False,False,False
4.52,1.5,6.78,4,8,False,True,False,True,False,False,True,False,True,False,False,False,False,False
4.3,8.0,34.4,11,6,False,False,False,False,False,False,True,False,False,False,False,False,False,True
0.9,2.0,1.8,21,7,False,True,True,False,False,False,True,False,True,False,False,False,False,False
4.1,3.0,12.3,19,7,False,False,False,False,True,False,False,True,False,True,False,False,False,False
0.96,2.0,1.92,25,6,True,False,True,False,False,True,False,False,False,False,False,False,False,True
2.15,1.5,3.22,16,6,False,False,False,True,False,False,False,True,True,False,False,False,False,False
1.63,8.0,13.04,14,7,True,False,False,False,False,False,False,False,True,False,False,False,False,False
4.88,8.0,39.04,19,6,False,False,False,False,False,True,False,False,False,False,False,True,False,False
3.97,8.0,31.76,13,7,True,False,False,False,False,False,False,True,False,False,True,False,False,False
1.61,2.0,3.22,30,6,False,False,True,False,False,False,False,True,True,False,False,False,False,False
4.5,2.0,9.0,23,7,False,True,True,False,False,True,False,False,False,False,False,False,False,True
2.43,2.0,4.86,29,7,True,False,True,False,False,False,True,False,False,False,False,False,True,False
0.97,2.0,1.94,6,7,False,True,True,False,False,False,True,False,False,False,True,False,False,False
2.66,3.0,7.98,21,7,False,True,False,False,True,False,True,False,True,False,False,False,False,False
2.53,1.5,3.79,26,6,False,True,False,True,False,False,False,False,False,False,False,True,False,False
0.88,2.0,1.76,11,6,True,False,True,False,False,False,True,False,False,False,False,False,False,True
4.71,2.0,9.42,29,6,False,False,True,False,False,True,False,False,False,False,True,False,False,False
2.66,1.5,3.99,22,6,False,False,False,True,False,False,True,False,False,False,True,False,False,False
2.58,2.0,5.16,1,8,False,False,True,False,False,False,False,False,False,False,False,False,False,False
0.27,1.5,0.41,9,7,False,True,False,True,False,False,True,False,False,False,False,False,False,True
0.4,8.0,3.2,4,7,True,False,False,False,False,False,True,False,False,False,False,False,False,False
1.04,1.5,1.56,2,7,False,True,False,True,False,True,False,False,False,False,False,False,False,True
3.78,2.0,7.56,18,6,True,False,True,False,False,True,False,False,False,False,False,False,False,True
1.51,1.5,2.27,24,6,True,False,False,True,False,False,True,False,False,False,False,False,True,False
0.85,8.0,6.8,18,6,False,True,False,False,False,True,False,False,False,False,False,False,False,True
2.34,1.5,3.51,1,7,False,False,False,True,False,True,False,False,False,False,False,False,True,False
4.18,8.0,33.44,9,7,False,False,False,False,False,False,True,False,False,False,False,False,False,True
4.87,1.5,7.3,2,7,False,True,False,True,False,False,True,False,False,False,False,False,False,True
2.99,3.0,8.97,20,6,True,False,False,False,True,True,False,False,False,False,False,False,False,False
3.4,2.0,6.8,10,7,False,False,True,False,False,True,False,False,False,False,False,True,False,False
1.52,1.5,2.28,9,8,True,False,False,True,False,True,False,False,False,True,False,False,False,False
1.94,8.0,15.52,13,7,False,False,False,False,False,False,False,True,False,False,True,False,False,False
1.16,2.0,2.32,7,7,False,False,True,False,False,False,True,False,True,False,False,False,False,False
4.17,3.0,12.51,24,7,False,True,False,False,True,False,False,True,False,False,False,True,False,False
2.77,1.5,4.16,13,7,False,True,False,True,False,False,False,False,False,False,True,False,False,False
3.57,8.0,28.56,2,8,False,True,False,False,False,False,False,True,False,True,False,False,False,False
3.03,3.0,9.09,7,7,False,False,False,False,True,False,False,False,True,False,False,False,False,False
2.53,1.5,3.79,16,7,False,True,False,True,False,False,False,False,False,False,False,False,False,True
0.34,2.0,0.68,7,7,False,False,True,False,False,True,False,False,True,False,False,False,False,False
3.28,1.5,4.92,6,8,False,True,False,True,False,False,True,False,False,False,False,False,False,True
1.68,1.5,2.52,12,6,False,True,False,True,False,False,False,True,False,False,False,True,False,False
2.29,2.0,4.58,5,7,False,True,True,False,False,True,False,False,False,True,False,False,False,False
4.27,3.0,12.81,27,6,True,False,False,False,True,False,False,True,False,False,False,False,False,False
4.97,2.0,9.94,19,7,False,True,True,False,False,False,False,True,False,True,False,False,False,False
3.5,2.0,7.0,27,7,False,False,True,False,False,False,False,True,False,False,True,False,False,False
1.97,2.0,3.94,3,8,False,True,True,False,False,True,False,False,False,False,True,False,False,False
0.42,8.0,3.36,24,7,True,False,False,False,False,False,True,False,False,False,False,True,False,False
4.0,8.0,32.0,13,6,True,False,False,False,False,True,False,False,False,False,False,False,False,False
1.58,2.0,3.16,4,7,True,False,True,False,False,True,False,False,False,False,False,False,False,False
4.42,8.0,35.36,30,6,False,True,False,False,False,True,False,False,True,False,False,False,False,False
4.84,2.0,9.68,30,6,False,True,True,False,False,False,False,False,True,False,False,False,False,False
3.97,1.5,5.96,28,6,False,False,False,True,False,True,False,False,False,True,False,False,False,False
4.04,1.5,6.06,12,7,True,False,False,True,False,False,True,False,False,True,False,False,False,False
4.96,3.0,14.88,6,7,False,False,False,False,True,False,False,True,False,False,True,False,False,False
0.43,2.0,0.86,21,6,False,True,True,False,False,False,True,False,False,True,False,False,False,False
3.38,3.0,10.14,10,8,False,False,False,False,True,False,False,True,False,False,True,False,False,False
4.77,2.0,9.54,22,7,False,True,True,False,False,False,False,True,False,False,False,False,True,False
0.41,3.0,1.23,21,7,True,False,False,False,True,True,False,False,True,False,False,False,False,False
3.37,2.0,6.74,9,7,True,False,True,False,False,False,True,False,False,False,False,False,False,True
2.25,3.0,6.75,29,6,False,True,False,False,True,False,False,True,False,False,True,False,False,False
2.8,2.0,5.6,28,6,False,False,True,False,False,False,False,True,False,True,False,False,False,False
1.98,1.5,2.97,9,8,False,True,False,True,False,False,False,False,False,True,False,False,False,False
3.21,1.5,4.81,16,7,False,False,False,True,False,False,False,False,False,False,False,False,False,True
0.83,3.0,2.49,2,8,False,False,False,False,True,False,False,True,False,True,False,False,False,False
2.61,3.0,7.83,1,8,True,False,False,False,True,False,False,True,False,False,False,False,False,False
4.27,1.5,6.4,6,8,False,False,False,True,False,False,True,False,False,False,False,False,False,True
0.77,2.0,1.54,24,6,False,True,True,False,False,False,False,True,False,False,False,False,True,False
1.44,2.0,2.88,14,6,False,True,True,False,False,False,False,True,False,True,False,False,False,False
3.08,3.0,9.24,11,6,True,False,False,False,True,True,False,False,False,False,False,False,False,True
4.76,8.0,38.08,8,8,False,False,False,False,False,False,True,False,False,False,False,False,False,False
4.08,8.0,32.64,25,6,True,False,False,False,False,False,True,False,False,False,False,False,False,True
3.35,3.0,10.05,12,6,True,False,False,False,True,False,True,False,False,False,False,True,False,False
2.15,8.0,17.2,10,8,False,False,False,False,False,True,False,False,False,False,True,False,False,False
0.44,8.0,3.52,6,7,False,False,False,False,False,True,False,False,False,False,True,False,False,False
1.37,8.0,10.96,2,8,False,True,False,False,False,False,True,False,False,True,False,False,False,False
3.53,1.5,5.29,19,7,False,False,False,True,False,False,False,False,False,True,False,False,False,False
1.55,1.5,2.33,5,7,False,False,False,True,False,False,False,False,False,True,False,False,False,False
1.29,2.0,2.58,8,7,False,True,True,False,False,False,False,True,False,False,False,False,True,False
4.84,2.0,9.68,15,6,False,True,True,False,False,False,True,False,False,False,True,False,False,False
1.62,3.0,4.86,21,6,False,True,False,False,True,False,False,True,False,True,False,False,False,False
0.78,2.0,1.56,16,7,False,False,True,False,False,False,False,False,False,False,False,False,False,True
3.21,1.5,4.81,21,6,False,True,False,True,False,False,False,False,False,True,False,False,False,False
0.76,8.0,6.08,31,7,False,True,False,False,False,False,False,False,False,False,False,True,False,False
3.29,2.0,6.58,19,7,True,False,True,False,False,False,False,False,False,True,False,False,False,False
0.13,2.0,0.26,9,7,True,False,True,False,False,False,False,True,False,False,False,False,False,True
2.47,1.5,3.71,12,7,False,True,False,True,False,False,False,True,False,True,False,False,False,False
4.17,2.0,8.34,5,8,False,True,True,False,False,False,False,False,False,False,False,False,True,False
4.2,2.0,8.4,24,7,False,False,True,False,False,False,False,True,False,False,False,True,False,False
1.08,2.0,2.16,13,7,False,False,True,False,False,True,False,False,False,False,True,False,False,False
4.54,8.0,36.32,6,7,False,True,False,False,False,False,False,False,False,False,True,False,False,False
3.82,2.0,7.64,10,7,False,True,True,False,False,False,True,False,False,False,False,True,False,False
3.28,8.0,26.24,27,7,False,False,False,False,False,False,True,False,False,False,True,False,False,False
2.98,2.0,5.96,1,8,False,False,True,False,False,False,True,False,False,False,False,False,False,False
1.0,2.0,2.0,15,7,True,False,True,False,False,False,False,True,False,False,False,False,True,False
4.1,8.0,32.8,5,7,True,False,False,False,False,False,False,True,False,True,False,False,False,False
4.83,3.0,14.49,13,7,False,False,False,False,True,True,False,False,False,False,True,False,False,False
0.68,8.0,5.44,30,6,True,False,False,False,False,False,True,False,True,False,False,False,False,False
0.49,3.0,1.47,26,6,False,True,False,False,True,False,False,True,False,False,False,True,False,False
0.22,3.0,0.66,15,6,True,False,False,False,True,False,True,False,False,False,True,False,False,False
0.71,2.0,1.42,26,6,False,False,True,False,False,False,False,True,False,False,False,True,False,False
4.88,2.0,9.76,10,8,True,False,True,False,False,False,True,False,False,False,True,False,False,False
3.11,2.0,6.22,5,7,False,False,True,False,False,True,False,False,False,True,False,False,False,False
1.56,8.0,12.48,2,8,False,False,False,False,False,False,False,True,False,True,False,False,False,False
3.87,8.0,30.96,6,7,False,False,False,False,False,False,True,False,False,False,True,False,False,False
2.98,8.0,23.84,3,7,False,False,False,False,False,False,True,False,False,False,False,True,False,False
3.86,2.0,7.72,25,7,True,False,True,False,False,False,False,True,False,False,False,False,False,False
3.51,3.0,10.53,3,7,False,False,False,False,True,True,False,False,False,False,False,True,False,False
1.17,1.5,1.75,5,7,False,False,False,True,False,False,False,True,False,True,False,False,False,False
1.42,2.0,2.84,12,7,False,False,True,False,False,True,False,False,False,True,False,False,False,False
1.47,2.0,2.94,31,7,False,False,True,False,False,False,False,True,False,False,False,True,False,False
2.54,2.0,5.08,29,6,False,True,True,False,False,True,False,False,False,False,True,False,False,False
3.14,1.5,4.71,13,6,True,False,False,True,False,False,False,True,False,False,False,False,False,False
3.39,8.0,27.12,9,8,True,False,False,False,False,False,True,False,False,True,False,False,False,False
0.37,3.0,1.11,28,6,True,False,False,False,True,False,False,False,False,True,False,False,False,False
1.54,8.0,12.32,25,6,True,False,False,False,False,False,False,True,False,False,False,False,False,True
2.3,2.0,4.6,7,8,True,False,True,False,False,False,True,False,False,False,False,True,False,False
1.92,2.0,3.84,16,6,False,True,True,False,False,False,True,False,True,False,False,False,False,False
1.79,1.5,2.69,12,6,False,True,False,True,False,False,True,False,False,False,False,True,False,False
4.16,1.5,6.24,19,6,False,False,False,True,False,False,True,False,False,False,False,True,False,False
1.6,3.0,4.8,1,8,True,False,False,False,True,False,False,False,False,False,False,False,False,False
2.99,2.0,5.98,27,7,False,True,True,False,False,False,False,False,False,False,True,False,False,False
0.74,8.0,5.92,6,8,True,False,False,False,False,False,False,True,False,False,False,False,False,True
1.41,2.0,2.82,19,6,False,False,True,False,False,False,False,True,False,False,False,True,False,False
3.63,8.0,29.04,9,7,False,True,False,False,False,True,False,False,False,False,False,False,False,True
0.24,3.0,0.72,31,7,True,False,False,False,True,True,False,False,False,False,False,True,False,False
4.78,1.5,7.17,20,7,False,True,False,True,False,False,False,True,False,False,True,False,False,False
0.9,1.5,1.35,23,6,False,True,False,True,False,False,False,False,True,False,False,False,False,False
4.53,8.0,36.24,24,7,True,False,False,False,False,False,False,True,False,False,False,True,False,False
2.83,2.0,5.66,8,7,False,False,True,False,False,False,False,False,False,False,False,False,True,False
1.33,8.0,10.64,18,7,True,False,False,False,False,False,False,True,False,False,False,False,False,False
3.07,2.0,6.14,29,6,False,False,True,False,False,False,True,False,False,False,True,False,False,False
4.61,3.0,13.83,9,8,False,False,False,False,True,False,True,False,False,True,False,False,False,False
1.39,3.0,4.17,29,7,False,True,False,False,True,True,False,False,False,False,False,False,True,False
1.29,2.0,2.58,13,7,False,False,True,False,False,False,False,True,False,False,True,False,False,False
0.69,2.0,1.38,11,6,True,False,True,False,False,True,False,False,False,False,False,False,False,True
0.9,2.0,1.8,1,8,False,True,True,False,False,False,False,False,False,False,False,False,False,False
2.77,1.5,4.16,25,7,False,True,False,True,False,False,False,True,False,False,False,False,False,False
2.05,2.0,4.1,1,8,True,False,True,False,False,False,False,True,False,False,False,False,False,False
4.16,8.0,33.28,1,7,False,True,False,False,False,False,False,False,False,False,False,False,True,False
3.6,1.5,5.4,13,7,True,False,False,True,False,False,False,False,False,False,True,False,False,False
3.97,3.0,11.91,4,7,False,True,False,False,True,False,False,False,False,False,False,False,False,False
1.18,1.5,1.77,27,7,False,True,False,True,False,False,False,True,False,False,True,False,False,False
3.01,2.0,6.02,20,7,False,True,True,False,False,True,False,False,False,False,True,False,False,False
3.02,1.5,4.53,25,6,False,False,False,True,False,False,False,False,False,False,False,False,False,True
1.85,2.0,3.7,26,6,False,False,True,False,False,False,True,False,False,False,False,True,False,False
1.91,2.0,3.82,19,6,False,True,True,False,False,False,False,True,False,False,False,True,False,False
0.41,2.0,0.82,12,7,False,True,True,False,False,False,False,True,False,True,False,False,False,False
1.11,8.0,8.88,15,7,False,True,False,False,False,False,False,False,False,False,False,False,True,False
2.81,8.0,22.48,28,6,False,False,False,False,False,False,True,False,False,True,False,False,False,False
2.36,2.0,4.72,23,6,True,False,True,False,False,False,True,False,True,False,False,False,False,False
1.96,3.0,5.88,13,6,False,True,False,False,True,False,False,False,False,False,False,False,False,False
0.36,8.0,2.88,19,6,True,False,False,False,False,False,False,False,False,False,False,True,False,False
1.57,8.0,12.56,14,7,True,False,False,False,False,False,True,False,True,False,False,False,False,False
3.16,3.0,9.48,9,8,True,False,False,False,True,True,False,False,False,True,False,False,False,False
1.99,8.0,15.92,12,6,True,False,False,False,False,False,True,False,False,False,False,True,False,False
3.42,3.0,10.26,24,7,False,True,False,False,True,False,False,False,False,False,False,True,False,False
3.05,8.0,24.4,26,6,True,False,False,False,False,False,False,False,False,False,False,True,False,False
3.42,3.0,10.26,14,7,True,False,False,False,True,False,False,True,True,False,False,False,False,False
3.5,1.5,5.25,11,6,False,False,False,True,False,False,True,False,False,False,False,False,False,True
4.6,2.0,9.2,31,7,True,False,True,False,False,False,False,True,False,False,False,True,False,False
0.72,2.0,1.44,16,6,True,False,True,False,False,False,False,True,True,False,False,False,False,False
1.29,3.0,3.87,3,7,False,False,False,False,True,False,True,False,False,False,False,True,False,False
2.34,1.5,3.51,5,7,True,False,False,True,False,True,False,False,False,True,False,False,False,False
0.26,2.0,0.52,11,7,False,False,True,False,False,False,False,False,False,False,False,False,False,False
0.65,1.5,0.98,6,8,True,False,False,True,False,False,False,True,False,False,False,False,False,True
0.81,8.0,6.48,10,8,False,False,False,False,False,False,False,True,False,False,True,False,False,False
2.78,8.0,22.24,5,8,False,False,False,False,False,True,False,False,False,False,False,False,True,False
3.2,2.0,6.4,13,7,True,False,True,False,False,False,False,False,False,False,True,False,False,False
3.73,1.5,5.59,31,7,False,True,False,True,False,False,True,False,False,False,False,True,False,False
4.05,8.0,32.4,2,8,False,True,False,False,False,False,False,False,False,True,False,False,False,False
2.82,1.5,4.23,16,7,False,False,False,True,False,True,False,False,False,False,False,False,False,True
0.71,1.5,1.06,28,6,True,False,False,True,False,False,False,False,False,True,False,False,False,False
1.93,1.5,2.9,26,7,True,False,False,True,False,False,False,True,False,True,False,False,False,False
2.47,1.5,3.71,29,6,False,True,False,True,False,False,False,True,False,False,True,False,False,False
2.3,2.0,4.6,21,6,False,True,True,False,False,False,False,False,False,True,False,False,False,False
1.87,8.0,14.96,29,7,False,False,False,False,False,False,False,False,False,False,False,False,True,False
4.76,3.0,14.28,18,7,False,False,False,False,True,True,False,False,False,False,False,False,False,False
2.79,1.5,4.19,17,6,True,False,False,True,False,False,False,True,False,False,False,False,True,False
4.33,1.5,6.5,21,6,True,False,False,True,False,False,False,False,False,True,False,False,False,False
2.94,2.0,5.88,9,7,False,False,True,False,False,True,False,False,False,False,False,False,False,True
0.41,1.5,0.61,2,7,False,False,False,True,False,True,False,False,False,False,False,False,False,True
3.86,3.0,11.58,7,8,False,False,False,False,True,True,False,False,False,False,False,True,False,False
1.91,8.0,15.28,18,7,False,False,False,False,False,True,False,False,False,False,False,False,False,False
3.89,8.0,31.12,18,7,False,False,False,False,False,False,True,False,False,False,False,False,False,False
0.69,3.0,2.07,24,7,False,False,False,False,True,True,False,False,False,False,False,True,False,False
1.93,2.0,3.86,18,6,False,True,True,False,False,True,False,False,False,False,False,False,False,True
0.1,8.0,0.8,8,8,False,False,False,False,False,False,False,False,False,False,False,False,False,False
3.65,2.0,7.3,8,7,False,True,True,False,False,False,False,False,False,False,False,False,True,False
0.88,1.5,1.32,15,7,False,False,False,True,False,False,False,False,False,False,False,False,True,False
3.42,3.0,10.26,22,6,False,True,False,False,True,True,False,False,False,False,True,False,False,False
2.86,2.0,5.72,30,7,True,False,True,False,False,True,False,False,False,False,False,False,False,True
0.14,1.5,0.21,1,8,False,True,False,True,False,False,False,True,False,False,False,False,False,False
2.78,8.0,22.24,28,7,False,False,False,False,False,False,True,False,True,False,False,False,False,False
3.67,1.5,5.5,6,7,False,True,False,True,False,False,True,False,False,False,True,False,False,False
1.76,1.5,2.64,4,8,False,True,False,True,False,True,False,False,True,False,False,False,False,False
1.76,8.0,14.08,30,6,True,False,False,False,False,False,False,True,True,False,False,False,False,False
2.13,8.0,17.04,17,7,True,False,False,False,False,False,False,True,False,False,False,True,False,False
3.93,8.0,31.44,25,7,False,True,False,False,False,False,False,True,False,False,False,False,False,False
0.84,2.0,1.68,2,7,False,False,True,False,False,False,False,False,False,False,False,False,False,True
4.57,2.0,9.14,3,7,True,False,True,False,False,True,False,False,False,False,False,True,False,False
0.92,8.0,7.36,4,8,False,True,False,False,False,False,False,False,True,False,False,False,False,False
2.96,2.0,5.92,1,7,True,False,True,False,False,True,False,False,False,False,False,False,True,False
2.15,1.5,3.22,15,7,True,False,False,True,False,False,False,True,False,False,False,False,True,False
3.42,8.0,27.36,14,6,False,False,False,False,False,False,True,False,False,True,False,False,False,False
0.65,8.0,5.2,6,8,False,True,False,False,False,False,False,True,False,False,False,False,False,True
4.74,2.0,9.48,23,6,False,False,True,False,False,True,False,False,True,False,False,False,False,False
1.44,3.0,4.32,11,7,False,True,False,False,True,False,False,True,False,False,False,False,False,False
3.7,1.5,5.55,25,6,False,True,False,True,False,False,False,True,False,False,False,False,False,True
3.26,2.0,6.52,6,7,False,False,True,False,False,False,False,True,False,False,True,False,False,False
1.1,2.0,2.2,29,6,True,False,True,False,False,False,False,False,False,False,True,False,False,False
1.07,1.5,1.6,21,6,False,False,False,True,False,True,False,False,False,True,False,False,False,False
1.81,1.5,2.71,22,6,False,True,False,True,False,False,False,True,False,False,True,False,False,False
3.64,8.0,29.12,4,7,True,False,False,False,False,True,False,False,False,False,False,False,False,False
1.36,1.5,2.04,4,7,False,False,False,True,False,False,False,True,False,False,False,False,False,False
0.38,2.0,0.76,21,6,True,False,True,False,False,False,False,False,False,True,False,False,False,False
1.44,8.0,11.52,24,6,False,False,False,False,False,False,True,False,False,False,False,False,True,False
1.23,8.0,9.84,5,8,True,False,False,False,False,False,False,True,False,False,False,False,True,False
2.98,2.0,5.96,15,7,True,False,True,False,False,False,False,False,False,False,False,False,True,False
4.61,2.0,9.22,2,7,False,False,True,False,False,True,False,False,False,False,False,False,False,True
3.68,1.5,5.52,21,7,False,False,False,True,False,False,True,False,True,False,False,False,False,False
4.49,3.0,13.47,4,7,True,False,False,False,True,False,False,True,False,False,False,False,False,False
1.64,1.5,2.46,7,8,False,False,False,True,False,False,False,False,False,False,False,True,False,False
3.62,2.0,7.24,13,6,False,True,True,False,False,True,False,False,False,False,False,False,False,False
2.54,2.0,5.08,26,6,False,True,True,False,False,True,False,False,False,False,False,True,False,False
0.32,3.0,0.96,6,8,False,False,False,False,True,False,True,False,False,False,False,False,False,True
4.33,3.0,12.99,22,7,False,False,False,False,True,True,False,False,False,False,False,False,True,False
2.44,8.0,19.52,3,7,False,True,False,False,False,False,True,False,False,False,False,True,False,False
2.26,3.0,6.78,18,7,True,False,False,False,True,False,False,False,False,False,False,False,False,False
0.52,3.0,1.56,28,6,False,False,False,False,True,False,False,True,False,True,False,False,False,False
0.28,1.5,0.42,13,6,False,True,False,True,False,True,False,False,False,False,False,False,False,False
0.78,2.0,1.56,24,6,True,False,True,False,False,False,False,False,False,False,False,False,True,False
3.55,1.5,5.32,5,8,False,True,False,True,False,False,True,False,False,False,False,False,True,False
0.74,1.5,1.11,4,8,True,False,False,True,False,False,False,False,True,False,False,False,False,False
1.56,1.5,2.34,9,8,False,True,False,True,False,False,False,True,False,True,False,False,False,False
0.82,1.5,1.23,24,6,False,False,False,True,False,False,True,False,False,False,False,False,True,False
0.7,8.0,5.6,18,6,True,False,False,False,False,False,False,False,False,False,False,False,False,True
0.59,2.0,1.18,16,6,False,True,True,False,False,False,False,True,True,False,False,False,False,False
2.36,3.0,7.08,11,6,True,False,False,False,True,False,False,True,False,False,False,False,False,True
4.84,1.5,7.26,1,7,False,True,False,True,False,False,False,True,False,False,False,False,True,False
0.24,2.0,0.48,29,6,False,False,True,False,False,False,False,True,False,False,True,False,False,False
0.27,8.0,2.16,27,6,False,False,False,False,False,True,False,False,False,False,False,False,False,False
3.45,1.5,5.18,6,7,False,True,False,True,False,False,False,False,False,False,True,False,False,False
4.3,3.0,12.9,4,7,False,True,False,False,True,True,False,False,False,False,False,False,False,False
2.51,2.0,5.02,11,6,False,False,True,False,False,True,False,False,False,False,False,False,False,True
3.79,1.5,5.69,14,7,False,False,False,True,False,False,True,False,True,False,False,False,False,False
0.23,1.5,0.35,29,7,False,False,False,True,False,True,False,False,False,False,False,False,True,False
4.14,1.5,6.21,1,8,True,False,False,True,False,False,True,False,False,False,False,False,False,False
4.65,8.0,37.2,3,7,False,True,False,False,False,True,False,False,False,False,False,True,False,False
0.46,8.0,3.68,28,6,False,True,False,False,False,True,False,False,False,True,False,False,False,False
3.11,8.0,24.88,25,6,False,False,False,False,False,False,True,False,False,False,False,False,False,True
0.65,1.5,0.98,16,7,True,False,False,True,False,False,False,False,False,False,False,False,False,True
4.02,2.0,8.04,30,7,False,False,True,False,False,False,False,False,False,False,False,False,False,True
0.72,8.0,5.76,30,7,False,False,False,False,False,False,True,False,False,False,False,False,False,True
4.6,8.0,36.8,26,7,True,False,False,False,False,True,False,False,False,True,False,False,False,False
2.09,2.0,4.18,4,7,True,False,True,False,False,False,False,True,False,False,False,False,False,False
3.27,3.0,9.81,22,6,True,False,False,False,True,False,False,True,False,False,True,False,False,False
3.61,3.0,10.83,12,6,False,False,False,False,True,False,False,False,False,False,False,True,False,False
0.91,8.0,7.28,28,6,True,False,False,False,False,True,False,False,False,True,False,False,False,False
4.58,3.0,13.74,22,7,False,False,False,False,True,False,False,True,False,False,False,False,True,False
4.53,1.5,6.79,18,7,True,False,False,True,False,False,False,True,False,False,False,False,False,False
3.62,8.0,28.96,28,6,False,True,False,False,False,False,False,False,False,True,False,False,False,False
1.04,1.5,1.56,4,7,False,False,False,True,False,False,True,False,False,False,False,False,False,False
3.35,3.0,10.05,5,7,False,False,False,False,True,False,False,True,False,True,False,False,False,False
3.63,3.0,10.89,2,8,False,True,False,False,True,True,False,False,False,True,False,False,False,False
0.43,3.0,1.29,20,7,True,False,False,False,True,False,False,False,False,False,True,False,False,False
3.1,1.5,4.65,1,7,False,False,False,True,False,False,True,False,False,False,False,False,True,False
1.61,1.5,2.42,19,6,False,False,False,True,False,False,False,True,False,False,False,True,False,False
4.73,1.5,7.1,3,8,False,False,False,True,False,False,False,True,False,False,True,False,False,False
1.36,2.0,2.72,30,7,False,True,True,False,False,False,False,False,False,False,False,False,False,True
4.85,1.5,7.27,11,6,False,True,False,True,False,False,False,False,False,False,False,False,False,True
3.36,2.0,6.72,25,6,False,False,True,False,False,False,False,True,False,False,False,False,False,True
3.52,1.5,5.28,11,6,True,False,False,True,False,False,False,False,False,False,False,False,False,True
4.27,1.5,6.4,7,8,False,True,False,True,False,False,True,False,False,False,False,True,False,False
4.07,2.0,8.14,21,6,True,False,True,False,False,False,False,True,False,True,False,False,False,False
4.37,1.5,6.55,1,8,False,False,False,True,False,True,False,False,False,False,False,False,False,False
3.84,2.0,7.68,30,6,False,False,True,False,False,False,True,False,True,False,False,False,False,False
0.75,8.0,6.0,19,7,False,True,False,False,False,False,False,False,False,True,False,False,False,False
0.65,3.0,1.95,20,7,False,True,False,False,True,False,False,False,False,False,True,False,False,False
2.25,8.0,18.0,22,6,False,False,False,False,False,False,True,False,False,False,True,False,False,False
0.25,8.0,2.0,16,7,False,True,False,False,False,False,True,False,False,False,False,False,False,True
3.77,3.0,11.31,9,8,False,True,False,False,True,False,False,True,False,True,False,False,False,False
4.74,8.0,37.92,16,6,False,False,False,False,False,True,False,False,True,False,False,False,False,False
2.91,2.0,5.82,27,6,False,True,True,False,False,False,False,False,False,False,False,False,False,False
2.87,8.0,22.96,10,7,False,True,False,False,False,False,False,False,False,False,False,True,False,False
4.39,8.0,35.12,2,8,True,False,False,False,False,False,True,False,False,True,False,False,False,False
0.87,3.0,2.61,14,6,False,False,False,False,True,False,True,False,False,True,False,False,False,False
5.0,3.0,15.0,16,7,False,False,False,False,True,True,False,False,False,False,False,False,False,True
3.24,8.0,25.92,24,6,False,False,False,False,False,False,False,False,False,False,False,False,True,False
4.17,1.5,6.25,8,8,False,True,False,True,False,True,False,False,False,False,False,False,False,False
1.38,3.0,4.14,9,7,False,False,False,False,True,False,False,False,False,False,False,False,False,True
3.38,8.0,27.04,22,6,True,False,False,False,False,False,True,False,False,False,True,False,False,False
4.82,3.0,14.46,17,7,False,True,False,False,True,False,False,True,False,False,False,True,False,False
3.28,2.0,6.56,18,7,True,False,True,False,False,False,True,False,False,False,False,False,False,False
2.73,8.0,21.84,24,7,False,False,False,False,False,False,False,False,False,False,False,True,False,False
3.21,1.5,4.81,13,6,False,True,False,True,False,False,False,True,False,False,False,False,False,False
0.6,3.0,1.8,10,8,False,True,False,False,True,False,True,False,False,False,True,False,False,False
1.59,3.0,4.77,22,7,True,False,False,False,True,True,False,False,False,False,False,False,True,False
1.57,2.0,3.14,1,7,False,True,True,False,False,True,False,False,False,False,False,False,True,False
3.79,1.5,5.69,10,8,False,True,False,True,False,True,False,False,False,False,True,False,False,False
3.18,3.0,9.54,14,6,True,False,False,False,True,False,False,True,False,True,False,False,False,False
4.77,1.5,7.15,4,7,True,False,False,True,False,False,False,False,False,False,False,False,False,False
3.94,2.0,7.88,1,7,True,False,True,False,False,False,False,False,False,False,False,False,True,False
1.79,1.5,2.69,25,6,False,True,False,True,False,False,True,False,False,False,False,False,False,True
3.77,3.0,11.31,23,6,False,True,False,False,True,False,False,True,True,False,False,False,False,False
1.5,2.0,3.0,14,6,True,False,True,False,False,True,False,False,False,True,False,False,False,False
0.23,8.0,1.84,17,6,False,False,False,False,False,False,False,True,False,False,False,False,True,False
